,PassengerId,Survived,Pclass,Name,Sex,Age,SibSp,Parch,Ticket,Fare,Cabin,Embarked,first name,totalfamiliy,Together,totalfamiliy2,FareTotals
0,1,0,3,"Braund, Mr. Owen Harris",male,22.0,1,0,A/5 21171,7.25,,S,"Braund,",2,"('Braund,', 7.25)",1,13
1,2,1,1,"Cumings, Mrs. John Bradley (Florence Briggs Thayer)",female,38.0,1,0,PC 17599,71.2833,C85,C,"Cumings,",1,"('Cumings,', 71.2833)",1,1
2,3,1,3,"Heikkinen, Miss. Laina",female,26.0,0,0,STON/O2. 3101282,7.925,,S,"Heikkinen,",1,"('Heikkinen,', 7.925)",1,18
3,4,1,1,"Futrelle, Mrs. Jacques Heath (Lily May Peel)",female,35.0,1,0,113803,53.1,C123,S,"Futrelle,",2,"('Futrelle,', 53.1)",2,5
4,5,0,3,"Allen, Mr. William Henry",male,35.0,0,0,373450,8.05,,S,"Allen,",2,"('Allen,', 8.05)",1,43
5,6,0,3,"Moran, Mr. James",male,,0,0,330877,8.4583,,Q,"Moran,",3,"('Moran,', 8.4583)",1,1
6,7,0,1,"McCarthy, Mr. Timothy J",male,54.0,0,0,17463,51.8625,E46,S,"McCarthy,",1,"('McCarthy,', 51.8625)",1,2
7,8,0,3,"Palsson, Master. Gosta Leonard",male,2.0,3,1,349909,21.075,,S,"Palsson,",4,"('Palsson,', 21.075)",4,4
8,9,1,3,"Johnson, Mrs. Oscar W (Elisabeth Vilhelmina Berg)",female,27.0,0,2,347742,11.1333,,S,"Johnson,",6,"('Johnson,', 11.1333)",3,3
9,10,1,2,"Nasser, Mrs. Nicholas (Adele Achem)",female,14.0,1,0,237736,30.0708,,C,"Nasser,",2,"('Nasser,', 30.0708)",2,2
10,11,1,3,"Sandstrom, Miss. Marguerite Rut",female,4.0,1,1,PP 9549,16.7,G6,S,"Sandstrom,",2,"('Sandstrom,', 16.7)",2,2
11,12,1,1,"Bonnell, Miss. Elizabeth",female,58.0,0,0,113783,26.55,C103,S,"Bonnell,",1,"('Bonnell,', 26.55)",1,15
12,13,0,3,"Saundercock, Mr. William Henry",male,20.0,0,0,A/5. 2151,8.05,,S,"Saundercock,",1,"('Saundercock,', 8.05)",1,43
13,14,0,3,"Andersson, Mr. Anders Johan",male,39.0,1,5,347082,31.275,,S,"Andersson,",9,"('Andersson,', 31.275)",7,7
14,15,0,3,"Vestrom, Miss. Hulda Amanda Adolfina",female,14.0,0,0,350406,7.8542,,S,"Vestrom,",1,"('Vestrom,', 7.8542)",1,13
15,16,1,2,"Hewlett, Mrs. (Mary D Kingcome) ",female,55.0,0,0,248706,16.0,,S,"Hewlett,",1,"('Hewlett,', 16.0)",1,1
16,17,0,3,"Rice, Master. Eugene",male,2.0,4,1,382652,29.125,,Q,"Rice,",5,"('Rice,', 29.125)",5,5
17,18,1,2,"Williams, Mr. Charles Eugene",male,,0,0,244373,13.0,,S,"Williams,",4,"('Williams,', 13.0)",1,42
18,19,0,3,"Vander Planke, Mrs. Julius (Emelia Maria Vandemoortele)",female,31.0,1,0,345763,18.0,,S,Vander,4,"('Vander', 18.0)",3,3
19,20,1,3,"Masselmani, Mrs. Fatima",female,,0,0,2649,7.225,,C,"Masselmani,",1,"('Masselmani,', 7.225)",1,12
20,21,0,2,"Fynney, Mr. Joseph J",male,35.0,0,0,239865,26.0,,S,"Fynney,",1,"('Fynney,', 26.0)",1,31
21,22,1,2,"Beesley, Mr. Lawrence",male,34.0,0,0,248698,13.0,D56,S,"Beesley,",1,"('Beesley,', 13.0)",1,42
22,23,1,3,"McGowan, Miss. Anna ""Annie""",female,15.0,0,0,330923,8.0292,,Q,"McGowan,",1,"('McGowan,', 8.0292)",1,1
23,24,1,1,"Sloper, Mr. William Thompson",male,28.0,0,0,113788,35.5,A6,S,"Sloper,",1,"('Sloper,', 35.5)",1,4
24,25,0,3,"Palsson, Miss. Torborg Danira",female,8.0,3,1,349909,21.075,,S,"Palsson,",4,"('Palsson,', 21.075)",4,4
25,26,1,3,"Asplund, Mrs. Carl Oscar (Selma Augusta Emilia Johansson)",female,38.0,1,5,347077,31.3875,,S,"Asplund,",4,"('Asplund,', 31.3875)",4,4
26,27,0,3,"Emir, Mr. Farred Chehab",male,,0,0,2631,7.225,,C,"Emir,",1,"('Emir,', 7.225)",1,12
27,28,0,1,"Fortune, Mr. Charles Alexander",male,19.0,3,2,19950,263.0,C23 C25 C27,S,"Fortune,",4,"('Fortune,', 263.0)",4,4
28,29,1,3,"O'Dwyer, Miss. Ellen ""Nellie""",female,,0,0,330959,7.8792,,Q,"O'Dwyer,",1,"(""O'Dwyer,"", 7.8792)",1,4
29,30,0,3,"Todoroff, Mr. Lalio",male,,0,0,349216,7.8958,,S,"Todoroff,",1,"('Todoroff,', 7.8958)",1,38
30,31,0,1,"Uruchurtu, Don. Manuel E",male,40.0,0,0,PC 17601,27.7208,,C,"Uruchurtu,",1,"('Uruchurtu,', 27.7208)",1,5
31,32,1,1,"Spencer, Mrs. William Augustus (Marie Eugenie)",female,,1,0,PC 17569,146.5208,B78,C,"Spencer,",1,"('Spencer,', 146.5208)",1,2
32,33,1,3,"Glynn, Miss. Mary Agatha",female,,0,0,335677,7.75,,Q,"Glynn,",1,"('Glynn,', 7.75)",1,34
33,34,0,2,"Wheadon, Mr. Edward H",male,66.0,0,0,C.A. 24579,10.5,,S,"Wheadon,",1,"('Wheadon,', 10.5)",1,24
34,35,0,1,"Meyer, Mr. Edgar Joseph",male,28.0,1,0,PC 17604,82.1708,,C,"Meyer,",3,"('Meyer,', 82.1708)",2,2
35,36,0,1,"Holverson, Mr. Alexander Oskar",male,42.0,1,0,113789,52.0,,S,"Holverson,",2,"('Holverson,', 52.0)",2,7
36,37,1,3,"Mamee, Mr. Hanna",male,,0,0,2677,7.2292,,C,"Mamee,",1,"('Mamee,', 7.2292)",1,15
37,38,0,3,"Cann, Mr. Ernest Charles",male,21.0,0,0,A./5. 2152,8.05,,S,"Cann,",1,"('Cann,', 8.05)",1,43
38,39,0,3,"Vander Planke, Miss. Augusta Maria",female,18.0,2,0,345764,18.0,,S,Vander,4,"('Vander', 18.0)",3,3
39,40,1,3,"Nicola-Yarred, Miss. Jamila",female,14.0,1,0,2651,11.2417,,C,"Nicola-Yarred,",2,"('Nicola-Yarred,', 11.2417)",2,2
40,41,0,3,"Ahlin, Mrs. Johan (Johanna Persdotter Larsson)",female,40.0,1,0,7546,9.475,,S,"Ahlin,",1,"('Ahlin,', 9.475)",1,1
41,42,0,2,"Turpin, Mrs. William John Robert (Dorothy Ann Wonnacott)",female,27.0,1,0,11668,21.0,,S,"Turpin,",2,"('Turpin,', 21.0)",2,6
42,43,0,3,"Kraeff, Mr. Theodor",male,,0,0,349253,7.8958,,C,"Kraeff,",1,"('Kraeff,', 7.8958)",1,38
43,44,1,2,"Laroche, Miss. Simonne Marie Anne Andree",female,3.0,1,2,SC/Paris 2123,41.5792,,C,"Laroche,",3,"('Laroche,', 41.5792)",3,3
44,45,1,3,"Devaney, Miss. Margaret Delia",female,19.0,0,0,330958,7.8792,,Q,"Devaney,",1,"('Devaney,', 7.8792)",1,4
45,46,0,3,"Rogers, Mr. William John",male,,0,0,S.C./A.4. 23567,8.05,,S,"Rogers,",1,"('Rogers,', 8.05)",1,43
46,47,0,3,"Lennon, Mr. Denis",male,,1,0,370371,15.5,,Q,"Lennon,",1,"('Lennon,', 15.5)",1,8
47,48,1,3,"O'Driscoll, Miss. Bridget",female,,0,0,14311,7.75,,Q,"O'Driscoll,",1,"(""O'Driscoll,"", 7.75)",1,34
48,49,0,3,"Samaan, Mr. Youssef",male,,2,0,2662,21.6792,,C,"Samaan,",1,"('Samaan,', 21.6792)",1,1
49,50,0,3,"Arnold-Franchi, Mrs. Josef (Josefine Franchi)",female,18.0,1,0,349237,17.8,,S,"Arnold-Franchi,",2,"('Arnold-Franchi,', 17.8)",2,2
50,51,0,3,"Panula, Master. Juha Niilo",male,7.0,4,1,3101295,39.6875,,S,"Panula,",6,"('Panula,', 39.6875)",6,6
51,52,0,3,"Nosworthy, Mr. Richard Cater",male,21.0,0,0,A/4. 39886,7.8,,S,"Nosworthy,",1,"('Nosworthy,', 7.8)",1,1
52,53,1,1,"Harper, Mrs. Henry Sleeper (Myna Haxtun)",female,49.0,1,0,PC 17572,76.7292,D33,C,"Harper,",4,"('Harper,', 76.7292)",2,3
53,54,1,2,"Faunthorpe, Mrs. Lizzie (Elizabeth Anne Wilkinson)",female,29.0,1,0,2926,26.0,,S,"Faunthorpe,",1,"('Faunthorpe,', 26.0)",1,31
54,55,0,1,"Ostby, Mr. Engelhart Cornelius",male,65.0,0,1,113509,61.9792,B30,C,"Ostby,",1,"('Ostby,', 61.9792)",1,1
55,56,1,1,"Woolner, Mr. Hugh",male,,0,0,19947,35.5,C52,S,"Woolner,",1,"('Woolner,', 35.5)",1,4
56,57,1,2,"Rugg, Miss. Emily",female,21.0,0,0,C.A. 31026,10.5,,S,"Rugg,",1,"('Rugg,', 10.5)",1,24
57,58,0,3,"Novel, Mr. Mansouer",male,28.5,0,0,2697,7.2292,,C,"Novel,",1,"('Novel,', 7.2292)",1,15
58,59,1,2,"West, Miss. Constance Mirium",female,5.0,1,2,C.A. 34651,27.75,,S,"West,",3,"('West,', 27.75)",3,4
59,60,0,3,"Goodwin, Master. William Frederick",male,11.0,5,2,CA 2144,46.9,,S,"Goodwin,",6,"('Goodwin,', 46.9)",6,6
60,61,0,3,"Sirayanian, Mr. Orsen",male,22.0,0,0,2669,7.2292,,C,"Sirayanian,",1,"('Sirayanian,', 7.2292)",1,15
61,62,1,1,"Icard, Miss. Amelie",female,38.0,0,0,113572,80.0,B28,,"Icard,",1,"('Icard,', 80.0)",1,2
62,63,0,1,"Harris, Mr. Henry Birkhardt",male,45.0,1,0,36973,83.475,C83,S,"Harris,",4,"('Harris,', 83.475)",2,2
63,64,0,3,"Skoog, Master. Harald",male,4.0,3,2,347088,27.9,,S,"Skoog,",6,"('Skoog,', 27.9)",6,6
64,65,0,1,"Stewart, Mr. Albert A",male,,0,0,PC 17605,27.7208,,C,"Stewart,",1,"('Stewart,', 27.7208)",1,5
65,66,1,3,"Moubarek, Master. Gerios",male,,1,1,2661,15.2458,,C,"Moubarek,",2,"('Moubarek,', 15.2458)",2,5
66,67,1,2,"Nye, Mrs. (Elizabeth Ramell)",female,29.0,0,0,C.A. 29395,10.5,F33,S,"Nye,",1,"('Nye,', 10.5)",1,24
67,68,0,3,"Crease, Mr. Ernest James",male,19.0,0,0,S.P. 3464,8.1583,,S,"Crease,",1,"('Crease,', 8.1583)",1,1
68,69,1,3,"Andersson, Miss. Erna Alexandra",female,17.0,4,2,3101281,7.925,,S,"Andersson,",9,"('Andersson,', 7.925)",1,18
69,70,0,3,"Kink, Mr. Vincenz",male,26.0,2,0,315151,8.6625,,S,"Kink,",1,"('Kink,', 8.6625)",1,13
70,71,0,2,"Jenkin, Mr. Stephen Curnow",male,32.0,0,0,C.A. 33111,10.5,,S,"Jenkin,",1,"('Jenkin,', 10.5)",1,24
71,72,0,3,"Goodwin, Miss. Lillian Amy",female,16.0,5,2,CA 2144,46.9,,S,"Goodwin,",6,"('Goodwin,', 46.9)",6,6
72,73,0,2,"Hood, Mr. Ambrose Jr",male,21.0,0,0,S.O.C. 14879,73.5,,S,"Hood,",1,"('Hood,', 73.5)",1,5
73,74,0,3,"Chronopoulos, Mr. Apostolos",male,26.0,1,0,2680,14.4542,,C,"Chronopoulos,",1,"('Chronopoulos,', 14.4542)",1,7
74,75,1,3,"Bing, Mr. Lee",male,32.0,0,0,1601,56.4958,,S,"Bing,",1,"('Bing,', 56.4958)",1,7
75,76,0,3,"Moen, Mr. Sigurd Hansen",male,25.0,0,0,348123,7.65,F G73,S,"Moen,",1,"('Moen,', 7.65)",1,4
76,77,0,3,"Staneff, Mr. Ivan",male,,0,0,349208,7.8958,,S,"Staneff,",1,"('Staneff,', 7.8958)",1,38
77,78,0,3,"Moutal, Mr. Rahamin Haim",male,,0,0,374746,8.05,,S,"Moutal,",1,"('Moutal,', 8.05)",1,43
78,79,1,2,"Caldwell, Master. Alden Gates",male,0.83,0,2,248738,29.0,,S,"Caldwell,",2,"('Caldwell,', 29.0)",2,2
79,80,1,3,"Dowdell, Miss. Elizabeth",female,30.0,0,0,364516,12.475,,S,"Dowdell,",1,"('Dowdell,', 12.475)",1,4
80,81,0,3,"Waelens, Mr. Achille",male,22.0,0,0,345767,9.0,,S,"Waelens,",1,"('Waelens,', 9.0)",1,2
81,82,1,3,"Sheerlinck, Mr. Jan Baptist",male,29.0,0,0,345779,9.5,,S,"Sheerlinck,",1,"('Sheerlinck,', 9.5)",1,9
82,83,1,3,"McDermott, Miss. Brigdet Delia",female,,0,0,330932,7.7875,,Q,"McDermott,",1,"('McDermott,', 7.7875)",1,1
83,84,0,1,"Carrau, Mr. Francisco M",male,28.0,0,0,113059,47.1,,S,"Carrau,",1,"('Carrau,', 47.1)",1,1
84,85,1,2,"Ilett, Miss. Bertha",female,17.0,0,0,SO/C 14885,10.5,,S,"Ilett,",1,"('Ilett,', 10.5)",1,24
85,86,1,3,"Backstrom, Mrs. Karl Alfred (Maria Mathilda Gustafsson)",female,33.0,3,0,3101278,15.85,,S,"Backstrom,",2,"('Backstrom,', 15.85)",2,4
86,87,0,3,"Ford, Mr. William Neal",male,16.0,1,3,W./C. 6608,34.375,,S,"Ford,",4,"('Ford,', 34.375)",4,4
87,88,0,3,"Slocovski, Mr. Selman Francis",male,,0,0,SOTON/OQ 392086,8.05,,S,"Slocovski,",1,"('Slocovski,', 8.05)",1,43
88,89,1,1,"Fortune, Miss. Mabel Helen",female,23.0,3,2,19950,263.0,C23 C25 C27,S,"Fortune,",4,"('Fortune,', 263.0)",4,4
89,90,0,3,"Celotti, Mr. Francesco",male,24.0,0,0,343275,8.05,,S,"Celotti,",1,"('Celotti,', 8.05)",1,43
90,91,0,3,"Christmann, Mr. Emil",male,29.0,0,0,343276,8.05,,S,"Christmann,",1,"('Christmann,', 8.05)",1,43
91,92,0,3,"Andreasson, Mr. Paul Edvin",male,20.0,0,0,347466,7.8542,,S,"Andreasson,",1,"('Andreasson,', 7.8542)",1,13
92,93,0,1,"Chaffee, Mr. Herbert Fuller",male,46.0,1,0,W.E.P. 5734,61.175,E31,S,"Chaffee,",1,"('Chaffee,', 61.175)",1,1
93,94,0,3,"Dean, Mr. Bertram Frank",male,26.0,1,2,C.A. 2315,20.575,,S,"Dean,",2,"('Dean,', 20.575)",2,2
94,95,0,3,"Coxon, Mr. Daniel",male,59.0,0,0,364500,7.25,,S,"Coxon,",1,"('Coxon,', 7.25)",1,13
95,96,0,3,"Shorney, Mr. Charles Joseph",male,,0,0,374910,8.05,,S,"Shorney,",1,"('Shorney,', 8.05)",1,43
96,97,0,1,"Goldschmidt, Mr. George B",male,71.0,0,0,PC 17754,34.6542,A5,C,"Goldschmidt,",1,"('Goldschmidt,', 34.6542)",1,1
97,98,1,1,"Greenfield, Mr. William Bertram",male,23.0,0,1,PC 17759,63.3583,D10 D12,C,"Greenfield,",1,"('Greenfield,', 63.3583)",1,1
98,99,1,2,"Doling, Mrs. John T (Ada Julia Bone)",female,34.0,0,1,231919,23.0,,S,"Doling,",2,"('Doling,', 23.0)",2,4
99,100,0,2,"Kantor, Mr. Sinai",male,34.0,1,0,244367,26.0,,S,"Kantor,",2,"('Kantor,', 26.0)",2,31
100,101,0,3,"Petranec, Miss. Matilda",female,28.0,0,0,349245,7.8958,,S,"Petranec,",1,"('Petranec,', 7.8958)",1,38
101,102,0,3,"Petroff, Mr. Pastcho (""Pentcho"")",male,,0,0,349215,7.8958,,S,"Petroff,",2,"('Petroff,', 7.8958)",2,38
102,103,0,1,"White, Mr. Richard Frasar",male,21.0,0,1,35281,77.2875,D26,S,"White,",2,"('White,', 77.2875)",2,2
103,104,0,3,"Johansson, Mr. Gustaf Joel",male,33.0,0,0,7540,8.6542,,S,"Johansson,",3,"('Johansson,', 8.6542)",1,1
104,105,0,3,"Gustafsson, Mr. Anders Vilhelm",male,37.0,2,0,3101276,7.925,,S,"Gustafsson,",4,"('Gustafsson,', 7.925)",2,18
105,106,0,3,"Mionoff, Mr. Stoytcho",male,28.0,0,0,349207,7.8958,,S,"Mionoff,",1,"('Mionoff,', 7.8958)",1,38
106,107,1,3,"Salkjelsvik, Miss. Anna Kristine",female,21.0,0,0,343120,7.65,,S,"Salkjelsvik,",1,"('Salkjelsvik,', 7.65)",1,4
107,108,1,3,"Moss, Mr. Albert Johan",male,,0,0,312991,7.775,,S,"Moss,",1,"('Moss,', 7.775)",1,16
108,109,0,3,"Rekic, Mr. Tido",male,38.0,0,0,349249,7.8958,,S,"Rekic,",1,"('Rekic,', 7.8958)",1,38
109,110,1,3,"Moran, Miss. Bertha",female,,1,0,371110,24.15,,Q,"Moran,",3,"('Moran,', 24.15)",2,8
110,111,0,1,"Porter, Mr. Walter Chamberlain",male,47.0,0,0,110465,52.0,C110,S,"Porter,",1,"('Porter,', 52.0)",1,7
111,112,0,3,"Zabour, Miss. Hileni",female,14.5,1,0,2665,14.4542,,C,"Zabour,",2,"('Zabour,', 14.4542)",2,7
112,113,0,3,"Barton, Mr. David John",male,22.0,0,0,324669,8.05,,S,"Barton,",1,"('Barton,', 8.05)",1,43
113,114,0,3,"Jussila, Miss. Katriina",female,20.0,1,0,4136,9.825,,S,"Jussila,",3,"('Jussila,', 9.825)",2,2
114,115,0,3,"Attalah, Miss. Malake",female,17.0,0,0,2627,14.4583,,C,"Attalah,",2,"('Attalah,', 14.4583)",1,3
115,116,0,3,"Pekoniemi, Mr. Edvard",male,21.0,0,0,STON/O 2. 3101294,7.925,,S,"Pekoniemi,",1,"('Pekoniemi,', 7.925)",1,18
116,117,0,3,"Connors, Mr. Patrick",male,70.5,0,0,370369,7.75,,Q,"Connors,",1,"('Connors,', 7.75)",1,34
117,118,0,2,"Turpin, Mr. William John Robert",male,29.0,1,0,11668,21.0,,S,"Turpin,",2,"('Turpin,', 21.0)",2,6
118,119,0,1,"Baxter, Mr. Quigg Edmond",male,24.0,0,1,PC 17558,247.5208,B58 B60,C,"Baxter,",2,"('Baxter,', 247.5208)",2,2
119,120,0,3,"Andersson, Miss. Ellis Anna Maria",female,2.0,4,2,347082,31.275,,S,"Andersson,",9,"('Andersson,', 31.275)",7,7
120,121,0,2,"Hickman, Mr. Stanley George",male,21.0,2,0,S.O.C. 14879,73.5,,S,"Hickman,",3,"('Hickman,', 73.5)",3,5
121,122,0,3,"Moore, Mr. Leonard Charles",male,,0,0,A4. 54510,8.05,,S,"Moore,",1,"('Moore,', 8.05)",1,43
122,123,0,2,"Nasser, Mr. Nicholas",male,32.5,1,0,237736,30.0708,,C,"Nasser,",2,"('Nasser,', 30.0708)",2,2
123,124,1,2,"Webber, Miss. Susan",female,32.5,0,0,27267,13.0,E101,S,"Webber,",2,"('Webber,', 13.0)",1,42
124,125,0,1,"White, Mr. Percival Wayland",male,54.0,0,1,35281,77.2875,D26,S,"White,",2,"('White,', 77.2875)",2,2
125,126,1,3,"Nicola-Yarred, Master. Elias",male,12.0,1,0,2651,11.2417,,C,"Nicola-Yarred,",2,"('Nicola-Yarred,', 11.2417)",2,2
126,127,0,3,"McMahon, Mr. Martin",male,,0,0,370372,7.75,,Q,"McMahon,",1,"('McMahon,', 7.75)",1,34
127,128,1,3,"Madsen, Mr. Fridtjof Arne",male,24.0,0,0,C 17369,7.1417,,S,"Madsen,",1,"('Madsen,', 7.1417)",1,1
128,129,1,3,"Peter, Miss. Anna",female,,1,1,2668,22.3583,F E69,C,"Peter,",2,"('Peter,', 22.3583)",2,2
129,130,0,3,"Ekstrom, Mr. Johan",male,45.0,0,0,347061,6.975,,S,"Ekstrom,",1,"('Ekstrom,', 6.975)",1,2
130,131,0,3,"Drazenoic, Mr. Jozef",male,33.0,0,0,349241,7.8958,,C,"Drazenoic,",1,"('Drazenoic,', 7.8958)",1,38
131,132,0,3,"Coelho, Mr. Domingos Fernandeo",male,20.0,0,0,SOTON/O.Q. 3101307,7.05,,S,"Coelho,",1,"('Coelho,', 7.05)",1,7
132,133,0,3,"Robins, Mrs. Alexander A (Grace Charity Laury)",female,47.0,1,0,A/5. 3337,14.5,,S,"Robins,",1,"('Robins,', 14.5)",1,7
133,134,1,2,"Weisz, Mrs. Leopold (Mathilde Francoise Pede)",female,29.0,1,0,228414,26.0,,S,"Weisz,",1,"('Weisz,', 26.0)",1,31
134,135,0,2,"Sobey, Mr. Samuel James Hayden",male,25.0,0,0,C.A. 29178,13.0,,S,"Sobey,",1,"('Sobey,', 13.0)",1,42
135,136,0,2,"Richard, Mr. Emile",male,23.0,0,0,SC/PARIS 2133,15.0458,,C,"Richard,",1,"('Richard,', 15.0458)",1,1
136,137,1,1,"Newsom, Miss. Helen Monypeny",female,19.0,0,2,11752,26.2833,D47,S,"Newsom,",1,"('Newsom,', 26.2833)",1,1
137,138,0,1,"Futrelle, Mr. Jacques Heath",male,37.0,1,0,113803,53.1,C123,S,"Futrelle,",2,"('Futrelle,', 53.1)",2,5
138,139,0,3,"Osen, Mr. Olaf Elon",male,16.0,0,0,7534,9.2167,,S,"Osen,",1,"('Osen,', 9.2167)",1,1
139,140,0,1,"Giglio, Mr. Victor",male,24.0,0,0,PC 17593,79.2,B86,C,"Giglio,",1,"('Giglio,', 79.2)",1,4
140,141,0,3,"Boulos, Mrs. Joseph (Sultana)",female,,0,2,2678,15.2458,,C,"Boulos,",3,"('Boulos,', 15.2458)",2,5
141,142,1,3,"Nysten, Miss. Anna Sofia",female,22.0,0,0,347081,7.75,,S,"Nysten,",1,"('Nysten,', 7.75)",1,34
142,143,1,3,"Hakkarainen, Mrs. Pekka Pietari (Elin Matilda Dolck)",female,24.0,1,0,STON/O2. 3101279,15.85,,S,"Hakkarainen,",2,"('Hakkarainen,', 15.85)",2,4
143,144,0,3,"Burke, Mr. Jeremiah",male,19.0,0,0,365222,6.75,,Q,"Burke,",1,"('Burke,', 6.75)",1,2
144,145,0,2,"Andrew, Mr. Edgardo Samuel",male,18.0,0,0,231945,11.5,,S,"Andrew,",1,"('Andrew,', 11.5)",1,4
145,146,0,2,"Nicholls, Mr. Joseph Charles",male,19.0,1,1,C.A. 33112,36.75,,S,"Nicholls,",1,"('Nicholls,', 36.75)",1,2
146,147,1,3,"Andersson, Mr. August Edvard (""Wennerstrom"")",male,27.0,0,0,350043,7.7958,,S,"Andersson,",9,"('Andersson,', 7.7958)",1,6
147,148,0,3,"Ford, Miss. Robina Maggie ""Ruby""",female,9.0,2,2,W./C. 6608,34.375,,S,"Ford,",4,"('Ford,', 34.375)",4,4
148,149,0,2,"Navratil, Mr. Michel (""Louis M Hoffman"")",male,36.5,0,2,230080,26.0,F2,S,"Navratil,",3,"('Navratil,', 26.0)",3,31
149,150,0,2,"Byles, Rev. Thomas Roussel Davids",male,42.0,0,0,244310,13.0,,S,"Byles,",1,"('Byles,', 13.0)",1,42
150,151,0,2,"Bateman, Rev. Robert James",male,51.0,0,0,S.O.P. 1166,12.525,,S,"Bateman,",1,"('Bateman,', 12.525)",1,1
151,152,1,1,"Pears, Mrs. Thomas (Edith Wearne)",female,22.0,1,0,113776,66.6,C2,S,"Pears,",2,"('Pears,', 66.6)",2,2
152,153,0,3,"Meo, Mr. Alfonzo",male,55.5,0,0,A.5. 11206,8.05,,S,"Meo,",1,"('Meo,', 8.05)",1,43
153,154,0,3,"van Billiard, Mr. Austin Blyler",male,40.5,0,2,A/5. 851,14.5,,S,van,2,"('van', 14.5)",1,7
154,155,0,3,"Olsen, Mr. Ole Martin",male,,0,0,Fa 265302,7.3125,,S,"Olsen,",3,"('Olsen,', 7.3125)",1,1
155,156,0,1,"Williams, Mr. Charles Duane",male,51.0,0,1,PC 17597,61.3792,,C,"Williams,",4,"('Williams,', 61.3792)",1,1
156,157,1,3,"Gilnagh, Miss. Katherine ""Katie""",female,16.0,0,0,35851,7.7333,,Q,"Gilnagh,",1,"('Gilnagh,', 7.7333)",1,4
157,158,0,3,"Corn, Mr. Harry",male,30.0,0,0,SOTON/OQ 392090,8.05,,S,"Corn,",1,"('Corn,', 8.05)",1,43
158,159,0,3,"Smiljanic, Mr. Mile",male,,0,0,315037,8.6625,,S,"Smiljanic,",1,"('Smiljanic,', 8.6625)",1,13
159,160,0,3,"Sage, Master. Thomas Henry",male,,8,2,CA. 2343,69.55,,S,"Sage,",7,"('Sage,', 69.55)",7,7
160,161,0,3,"Cribb, Mr. John Hatfield",male,44.0,0,1,371362,16.1,,S,"Cribb,",1,"('Cribb,', 16.1)",1,9
161,162,1,2,"Watt, Mrs. James (Elizabeth ""Bessie"" Inglis Milne)",female,40.0,0,0,C.A. 33595,15.75,,S,"Watt,",1,"('Watt,', 15.75)",1,1
162,163,0,3,"Bengtsson, Mr. John Viktor",male,26.0,0,0,347068,7.775,,S,"Bengtsson,",1,"('Bengtsson,', 7.775)",1,16
163,164,0,3,"Calic, Mr. Jovo",male,17.0,0,0,315093,8.6625,,S,"Calic,",2,"('Calic,', 8.6625)",2,13
164,165,0,3,"Panula, Master. Eino Viljami",male,1.0,4,1,3101295,39.6875,,S,"Panula,",6,"('Panula,', 39.6875)",6,6
165,166,1,3,"Goldsmith, Master. Frank John William ""Frankie""",male,9.0,0,2,363291,20.525,,S,"Goldsmith,",3,"('Goldsmith,', 20.525)",3,3
166,167,1,1,"Chibnall, Mrs. (Edith Martha Bowerman)",female,,0,1,113505,55.0,E33,S,"Chibnall,",1,"('Chibnall,', 55.0)",1,2
167,168,0,3,"Skoog, Mrs. William (Anna Bernhardina Karlsson)",female,45.0,1,4,347088,27.9,,S,"Skoog,",6,"('Skoog,', 27.9)",6,6
168,169,0,1,"Baumann, Mr. John D",male,,0,0,PC 17318,25.925,,S,"Baumann,",1,"('Baumann,', 25.925)",1,1
169,170,0,3,"Ling, Mr. Lee",male,28.0,0,0,1601,56.4958,,S,"Ling,",1,"('Ling,', 56.4958)",1,7
170,171,0,1,"Van der hoef, Mr. Wyckoff",male,61.0,0,0,111240,33.5,B19,S,Van,4,"('Van', 33.5)",1,1
171,172,0,3,"Rice, Master. Arthur",male,4.0,4,1,382652,29.125,,Q,"Rice,",5,"('Rice,', 29.125)",5,5
172,173,1,3,"Johnson, Miss. Eleanor Ileen",female,1.0,1,1,347742,11.1333,,S,"Johnson,",6,"('Johnson,', 11.1333)",3,3
173,174,0,3,"Sivola, Mr. Antti Wilhelm",male,21.0,0,0,STON/O 2. 3101280,7.925,,S,"Sivola,",1,"('Sivola,', 7.925)",1,18
174,175,0,1,"Smith, Mr. James Clinch",male,56.0,0,0,17764,30.6958,A7,C,"Smith,",4,"('Smith,', 30.6958)",1,2
175,176,0,3,"Klasen, Mr. Klas Albin",male,18.0,1,1,350404,7.8542,,S,"Klasen,",1,"('Klasen,', 7.8542)",1,13
176,177,0,3,"Lefebre, Master. Henry Forbes",male,,3,1,4133,25.4667,,S,"Lefebre,",4,"('Lefebre,', 25.4667)",4,4
177,178,0,1,"Isham, Miss. Ann Elizabeth",female,50.0,0,0,PC 17595,28.7125,C49,C,"Isham,",1,"('Isham,', 28.7125)",1,1
178,179,0,2,"Hale, Mr. Reginald",male,30.0,0,0,250653,13.0,,S,"Hale,",1,"('Hale,', 13.0)",1,42
179,180,0,3,"Leonard, Mr. Lionel",male,36.0,0,0,LINE,0.0,,S,"Leonard,",1,"('Leonard,', 0.0)",1,15
180,181,0,3,"Sage, Miss. Constance Gladys",female,,8,2,CA. 2343,69.55,,S,"Sage,",7,"('Sage,', 69.55)",7,7
181,182,0,2,"Pernot, Mr. Rene",male,,0,0,SC/PARIS 2131,15.05,,C,"Pernot,",1,"('Pernot,', 15.05)",1,1
182,183,0,3,"Asplund, Master. Clarence Gustaf Hugo",male,9.0,4,2,347077,31.3875,,S,"Asplund,",4,"('Asplund,', 31.3875)",4,4
183,184,1,2,"Becker, Master. Richard F",male,1.0,2,1,230136,39.0,F4,S,"Becker,",2,"('Becker,', 39.0)",2,4
184,185,1,3,"Kink-Heilmann, Miss. Luise Gretchen",female,4.0,0,2,315153,22.025,,S,"Kink-Heilmann,",1,"('Kink-Heilmann,', 22.025)",1,1
185,186,0,1,"Rood, Mr. Hugh Roscoe",male,,0,0,113767,50.0,A32,S,"Rood,",1,"('Rood,', 50.0)",1,1
186,187,1,3,"O'Brien, Mrs. Thomas (Johanna ""Hannah"" Godfrey)",female,,1,0,370365,15.5,,Q,"O'Brien,",3,"(""O'Brien,"", 15.5)",2,8
187,188,1,1,"Romaine, Mr. Charles Hallace (""Mr C Rolmane"")",male,45.0,0,0,111428,26.55,,S,"Romaine,",1,"('Romaine,', 26.55)",1,15
188,189,0,3,"Bourke, Mr. John",male,40.0,1,1,364849,15.5,,Q,"Bourke,",3,"('Bourke,', 15.5)",2,8
189,190,0,3,"Turcin, Mr. Stjepan",male,36.0,0,0,349247,7.8958,,S,"Turcin,",1,"('Turcin,', 7.8958)",1,38
190,191,1,2,"Pinsky, Mrs. (Rosa)",female,32.0,0,0,234604,13.0,,S,"Pinsky,",1,"('Pinsky,', 13.0)",1,42
191,192,0,2,"Carbines, Mr. William",male,19.0,0,0,28424,13.0,,S,"Carbines,",1,"('Carbines,', 13.0)",1,42
192,193,1,3,"Andersen-Jensen, Miss. Carla Christine Nielsine",female,19.0,1,0,350046,7.8542,,S,"Andersen-Jensen,",1,"('Andersen-Jensen,', 7.8542)",1,13
193,194,1,2,"Navratil, Master. Michel M",male,3.0,1,1,230080,26.0,F2,S,"Navratil,",3,"('Navratil,', 26.0)",3,31
194,195,1,1,"Brown, Mrs. James Joseph (Margaret Tobin)",female,44.0,0,0,PC 17610,27.7208,B4,C,"Brown,",4,"('Brown,', 27.7208)",1,5
195,196,1,1,"Lurette, Miss. Elise",female,58.0,0,0,PC 17569,146.5208,B80,C,"Lurette,",1,"('Lurette,', 146.5208)",1,2
196,197,0,3,"Mernagh, Mr. Robert",male,,0,0,368703,7.75,,Q,"Mernagh,",1,"('Mernagh,', 7.75)",1,34
197,198,0,3,"Olsen, Mr. Karl Siegwart Andreas",male,42.0,0,1,4579,8.4042,,S,"Olsen,",3,"('Olsen,', 8.4042)",1,1
198,199,1,3,"Madigan, Miss. Margaret ""Maggie""",female,,0,0,370370,7.75,,Q,"Madigan,",1,"('Madigan,', 7.75)",1,34
199,200,0,2,"Yrois, Miss. Henriette (""Mrs Harbeck"")",female,24.0,0,0,248747,13.0,,S,"Yrois,",1,"('Yrois,', 13.0)",1,42
200,201,0,3,"Vande Walle, Mr. Nestor Cyriel",male,28.0,0,0,345770,9.5,,S,Vande,2,"('Vande', 9.5)",2,9
201,202,0,3,"Sage, Mr. Frederick",male,,8,2,CA. 2343,69.55,,S,"Sage,",7,"('Sage,', 69.55)",7,7
202,203,0,3,"Johanson, Mr. Jakob Alfred",male,34.0,0,0,3101264,6.4958,,S,"Johanson,",1,"('Johanson,', 6.4958)",1,2
203,204,0,3,"Youseff, Mr. Gerious",male,45.5,0,0,2628,7.225,,C,"Youseff,",1,"('Youseff,', 7.225)",1,12
204,205,1,3,"Cohen, Mr. Gurshon ""Gus""",male,18.0,0,0,A/5 3540,8.05,,S,"Cohen,",1,"('Cohen,', 8.05)",1,43
205,206,0,3,"Strom, Miss. Telma Matilda",female,2.0,0,1,347054,10.4625,G6,S,"Strom,",2,"('Strom,', 10.4625)",2,2
206,207,0,3,"Backstrom, Mr. Karl Alfred",male,32.0,1,0,3101278,15.85,,S,"Backstrom,",2,"('Backstrom,', 15.85)",2,4
207,208,1,3,"Albimona, Mr. Nassef Cassem",male,26.0,0,0,2699,18.7875,,C,"Albimona,",1,"('Albimona,', 18.7875)",1,2
208,209,1,3,"Carr, Miss. Helen ""Ellen""",female,16.0,0,0,367231,7.75,,Q,"Carr,",1,"('Carr,', 7.75)",1,34
209,210,1,1,"Blank, Mr. Henry",male,40.0,0,0,112277,31.0,A31,C,"Blank,",1,"('Blank,', 31.0)",1,3
210,211,0,3,"Ali, Mr. Ahmed",male,24.0,0,0,SOTON/O.Q. 3101311,7.05,,S,"Ali,",2,"('Ali,', 7.05)",2,7
211,212,1,2,"Cameron, Miss. Clear Annie",female,35.0,0,0,F.C.C. 13528,21.0,,S,"Cameron,",1,"('Cameron,', 21.0)",1,6
212,213,0,3,"Perkin, Mr. John Henry",male,22.0,0,0,A/5 21174,7.25,,S,"Perkin,",1,"('Perkin,', 7.25)",1,13
213,214,0,2,"Givard, Mr. Hans Kristensen",male,30.0,0,0,250646,13.0,,S,"Givard,",1,"('Givard,', 13.0)",1,42
214,215,0,3,"Kiernan, Mr. Philip",male,,1,0,367229,7.75,,Q,"Kiernan,",1,"('Kiernan,', 7.75)",1,34
215,216,1,1,"Newell, Miss. Madeleine",female,31.0,1,0,35273,113.275,D36,C,"Newell,",3,"('Newell,', 113.275)",3,3
216,217,1,3,"Honkanen, Miss. Eliina",female,27.0,0,0,STON/O2. 3101283,7.925,,S,"Honkanen,",1,"('Honkanen,', 7.925)",1,18
217,218,0,2,"Jacobsohn, Mr. Sidney Samuel",male,42.0,1,0,243847,27.0,,S,"Jacobsohn,",2,"('Jacobsohn,', 27.0)",2,2
218,219,1,1,"Bazzani, Miss. Albina",female,32.0,0,0,11813,76.2917,D15,C,"Bazzani,",1,"('Bazzani,', 76.2917)",1,1
219,220,0,2,"Harris, Mr. Walter",male,30.0,0,0,W/C 14208,10.5,,S,"Harris,",4,"('Harris,', 10.5)",2,24
220,221,1,3,"Sunderland, Mr. Victor Francis",male,16.0,0,0,SOTON/OQ 392089,8.05,,S,"Sunderland,",1,"('Sunderland,', 8.05)",1,43
221,222,0,2,"Bracken, Mr. James H",male,27.0,0,0,220367,13.0,,S,"Bracken,",1,"('Bracken,', 13.0)",1,42
222,223,0,3,"Green, Mr. George Henry",male,51.0,0,0,21440,8.05,,S,"Green,",1,"('Green,', 8.05)",1,43
223,224,0,3,"Nenkoff, Mr. Christo",male,,0,0,349234,7.8958,,S,"Nenkoff,",1,"('Nenkoff,', 7.8958)",1,38
224,225,1,1,"Hoyt, Mr. Frederick Maxfield",male,38.0,1,0,19943,90.0,C93,S,"Hoyt,",3,"('Hoyt,', 90.0)",2,4
225,226,0,3,"Berglund, Mr. Karl Ivar Sven",male,22.0,0,0,PP 4348,9.35,,S,"Berglund,",1,"('Berglund,', 9.35)",1,2
226,227,1,2,"Mellors, Mr. William John",male,19.0,0,0,SW/PP 751,10.5,,S,"Mellors,",1,"('Mellors,', 10.5)",1,24
227,228,0,3,"Lovell, Mr. John Hall (""Henry"")",male,20.5,0,0,A/5 21173,7.25,,S,"Lovell,",1,"('Lovell,', 7.25)",1,13
228,229,0,2,"Fahlstrom, Mr. Arne Jonas",male,18.0,0,0,236171,13.0,,S,"Fahlstrom,",1,"('Fahlstrom,', 13.0)",1,42
229,230,0,3,"Lefebre, Miss. Mathilde",female,,3,1,4133,25.4667,,S,"Lefebre,",4,"('Lefebre,', 25.4667)",4,4
230,231,1,1,"Harris, Mrs. Henry Birkhardt (Irene Wallach)",female,35.0,1,0,36973,83.475,C83,S,"Harris,",4,"('Harris,', 83.475)",2,2
231,232,0,3,"Larsson, Mr. Bengt Edvin",male,29.0,0,0,347067,7.775,,S,"Larsson,",2,"('Larsson,', 7.775)",1,16
232,233,0,2,"Sjostedt, Mr. Ernst Adolf",male,59.0,0,0,237442,13.5,,S,"Sjostedt,",1,"('Sjostedt,', 13.5)",1,4
233,234,1,3,"Asplund, Miss. Lillian Gertrud",female,5.0,4,2,347077,31.3875,,S,"Asplund,",4,"('Asplund,', 31.3875)",4,4
234,235,0,2,"Leyson, Mr. Robert William Norman",male,24.0,0,0,C.A. 29566,10.5,,S,"Leyson,",1,"('Leyson,', 10.5)",1,24
235,236,0,3,"Harknett, Miss. Alice Phoebe",female,,0,0,W./C. 6609,7.55,,S,"Harknett,",1,"('Harknett,', 7.55)",1,4
236,237,0,2,"Hold, Mr. Stephen",male,44.0,1,0,26707,26.0,,S,"Hold,",1,"('Hold,', 26.0)",1,31
237,238,1,2,"Collyer, Miss. Marjorie ""Lottie""",female,8.0,0,2,C.A. 31921,26.25,,S,"Collyer,",3,"('Collyer,', 26.25)",3,6
238,239,0,2,"Pengelly, Mr. Frederick William",male,19.0,0,0,28665,10.5,,S,"Pengelly,",1,"('Pengelly,', 10.5)",1,24
239,240,0,2,"Hunt, Mr. George Henry",male,33.0,0,0,SCO/W 1585,12.275,,S,"Hunt,",1,"('Hunt,', 12.275)",1,1
240,241,0,3,"Zabour, Miss. Thamine",female,,1,0,2665,14.4542,,C,"Zabour,",2,"('Zabour,', 14.4542)",2,7
241,242,1,3,"Murphy, Miss. Katherine ""Kate""",female,,1,0,367230,15.5,,Q,"Murphy,",2,"('Murphy,', 15.5)",2,8
242,243,0,2,"Coleridge, Mr. Reginald Charles",male,29.0,0,0,W./C. 14263,10.5,,S,"Coleridge,",1,"('Coleridge,', 10.5)",1,24
243,244,0,3,"Maenpaa, Mr. Matti Alexanteri",male,22.0,0,0,STON/O 2. 3101275,7.125,,S,"Maenpaa,",1,"('Maenpaa,', 7.125)",1,4
244,245,0,3,"Attalah, Mr. Sleiman",male,30.0,0,0,2694,7.225,,C,"Attalah,",2,"('Attalah,', 7.225)",1,12
245,246,0,1,"Minahan, Dr. William Edward",male,44.0,2,0,19928,90.0,C78,Q,"Minahan,",2,"('Minahan,', 90.0)",2,4
246,247,0,3,"Lindahl, Miss. Agda Thorilda Viktoria",female,25.0,0,0,347071,7.775,,S,"Lindahl,",1,"('Lindahl,', 7.775)",1,16
247,248,1,2,"Hamalainen, Mrs. William (Anna)",female,24.0,0,2,250649,14.5,,S,"Hamalainen,",2,"('Hamalainen,', 14.5)",2,7
248,249,1,1,"Beckwith, Mr. Richard Leonard",male,37.0,1,1,11751,52.5542,D35,S,"Beckwith,",2,"('Beckwith,', 52.5542)",2,3
249,250,0,2,"Carter, Rev. Ernest Courtenay",male,54.0,1,0,244252,26.0,,S,"Carter,",6,"('Carter,', 26.0)",2,31
250,251,0,3,"Reed, Mr. James George",male,,0,0,362316,7.25,,S,"Reed,",1,"('Reed,', 7.25)",1,13
251,252,0,3,"Strom, Mrs. Wilhelm (Elna Matilda Persson)",female,29.0,1,1,347054,10.4625,G6,S,"Strom,",2,"('Strom,', 10.4625)",2,2
252,253,0,1,"Stead, Mr. William Thomas",male,62.0,0,0,113514,26.55,C87,S,"Stead,",1,"('Stead,', 26.55)",1,15
253,254,0,3,"Lobb, Mr. William Arthur",male,30.0,1,0,A/5. 3336,16.1,,S,"Lobb,",2,"('Lobb,', 16.1)",2,9
254,255,0,3,"Rosblom, Mrs. Viktor (Helena Wilhelmina)",female,41.0,0,2,370129,20.2125,,S,"Rosblom,",2,"('Rosblom,', 20.2125)",2,2
255,256,1,3,"Touma, Mrs. Darwis (Hanne Youssef Razi)",female,29.0,0,2,2650,15.2458,,C,"Touma,",1,"('Touma,', 15.2458)",1,5
256,257,1,1,"Thorne, Mrs. Gertrude Maybelle",female,,0,0,PC 17585,79.2,,C,"Thorne,",1,"('Thorne,', 79.2)",1,4
257,258,1,1,"Cherry, Miss. Gladys",female,30.0,0,0,110152,86.5,B77,S,"Cherry,",1,"('Cherry,', 86.5)",1,3
258,259,1,1,"Ward, Miss. Anna",female,35.0,0,0,PC 17755,512.3292,,C,"Ward,",1,"('Ward,', 512.3292)",1,3
259,260,1,2,"Parrish, Mrs. (Lutie Davis)",female,50.0,0,1,230433,26.0,,S,"Parrish,",1,"('Parrish,', 26.0)",1,31
260,261,0,3,"Smith, Mr. Thomas",male,,0,0,384461,7.75,,Q,"Smith,",4,"('Smith,', 7.75)",1,34
261,262,1,3,"Asplund, Master. Edvin Rojj Felix",male,3.0,4,2,347077,31.3875,,S,"Asplund,",4,"('Asplund,', 31.3875)",4,4
262,263,0,1,"Taussig, Mr. Emil",male,52.0,1,1,110413,79.65,E67,S,"Taussig,",3,"('Taussig,', 79.65)",3,3
263,264,0,1,"Harrison, Mr. William",male,40.0,0,0,112059,0.0,B94,S,"Harrison,",1,"('Harrison,', 0.0)",1,15
264,265,0,3,"Henry, Miss. Delia",female,,0,0,382649,7.75,,Q,"Henry,",1,"('Henry,', 7.75)",1,34
265,266,0,2,"Reeves, Mr. David",male,36.0,0,0,C.A. 17248,10.5,,S,"Reeves,",1,"('Reeves,', 10.5)",1,24
266,267,0,3,"Panula, Mr. Ernesti Arvid",male,16.0,4,1,3101295,39.6875,,S,"Panula,",6,"('Panula,', 39.6875)",6,6
267,268,1,3,"Persson, Mr. Ernst Ulrik",male,25.0,1,0,347083,7.775,,S,"Persson,",1,"('Persson,', 7.775)",1,16
268,269,1,1,"Graham, Mrs. William Thompson (Edith Junkins)",female,58.0,0,1,PC 17582,153.4625,C125,S,"Graham,",3,"('Graham,', 153.4625)",2,3
269,270,1,1,"Bissette, Miss. Amelia",female,35.0,0,0,PC 17760,135.6333,C99,S,"Bissette,",1,"('Bissette,', 135.6333)",1,3
270,271,0,1,"Cairns, Mr. Alexander",male,,0,0,113798,31.0,,S,"Cairns,",1,"('Cairns,', 31.0)",1,3
271,272,1,3,"Tornquist, Mr. William Henry",male,25.0,0,0,LINE,0.0,,S,"Tornquist,",1,"('Tornquist,', 0.0)",1,15
272,273,1,2,"Mellinger, Mrs. (Elizabeth Anne Maidment)",female,41.0,0,1,250644,19.5,,S,"Mellinger,",2,"('Mellinger,', 19.5)",2,2
273,274,0,1,"Natsch, Mr. Charles H",male,37.0,0,1,PC 17596,29.7,C118,C,"Natsch,",1,"('Natsch,', 29.7)",1,3
274,275,1,3,"Healy, Miss. Hanora ""Nora""",female,,0,0,370375,7.75,,Q,"Healy,",1,"('Healy,', 7.75)",1,34
275,276,1,1,"Andrews, Miss. Kornelia Theodosia",female,63.0,1,0,13502,77.9583,D7,S,"Andrews,",2,"('Andrews,', 77.9583)",1,3
276,277,0,3,"Lindblom, Miss. Augusta Charlotta",female,45.0,0,0,347073,7.75,,S,"Lindblom,",1,"('Lindblom,', 7.75)",1,34
277,278,0,2,"Parkes, Mr. Francis ""Frank""",male,,0,0,239853,0.0,,S,"Parkes,",1,"('Parkes,', 0.0)",1,15
278,279,0,3,"Rice, Master. Eric",male,7.0,4,1,382652,29.125,,Q,"Rice,",5,"('Rice,', 29.125)",5,5
279,280,1,3,"Abbott, Mrs. Stanton (Rosa Hunt)",female,35.0,1,1,C.A. 2673,20.25,,S,"Abbott,",2,"('Abbott,', 20.25)",2,2
280,281,0,3,"Duane, Mr. Frank",male,65.0,0,0,336439,7.75,,Q,"Duane,",1,"('Duane,', 7.75)",1,34
281,282,0,3,"Olsson, Mr. Nils Johan Goransson",male,28.0,0,0,347464,7.8542,,S,"Olsson,",2,"('Olsson,', 7.8542)",2,13
282,283,0,3,"de Pelsmaeker, Mr. Alfons",male,16.0,0,0,345778,9.5,,S,de,3,"('de', 9.5)",2,9
283,284,1,3,"Dorking, Mr. Edward Arthur",male,19.0,0,0,A/5. 10482,8.05,,S,"Dorking,",1,"('Dorking,', 8.05)",1,43
284,285,0,1,"Smith, Mr. Richard William",male,,0,0,113056,26.0,A19,S,"Smith,",4,"('Smith,', 26.0)",1,31
285,286,0,3,"Stankovic, Mr. Ivan",male,33.0,0,0,349239,8.6625,,C,"Stankovic,",1,"('Stankovic,', 8.6625)",1,13
286,287,1,3,"de Mulder, Mr. Theodore",male,30.0,0,0,345774,9.5,,S,de,3,"('de', 9.5)",2,9
287,288,0,3,"Naidenoff, Mr. Penko",male,22.0,0,0,349206,7.8958,,S,"Naidenoff,",1,"('Naidenoff,', 7.8958)",1,38
288,289,1,2,"Hosono, Mr. Masabumi",male,42.0,0,0,237798,13.0,,S,"Hosono,",1,"('Hosono,', 13.0)",1,42
289,290,1,3,"Connolly, Miss. Kate",female,22.0,0,0,370373,7.75,,Q,"Connolly,",1,"('Connolly,', 7.75)",1,34
290,291,1,1,"Barber, Miss. Ellen ""Nellie""",female,26.0,0,0,19877,78.85,,S,"Barber,",1,"('Barber,', 78.85)",1,2
291,292,1,1,"Bishop, Mrs. Dickinson H (Helen Walton)",female,19.0,1,0,11967,91.0792,B49,C,"Bishop,",2,"('Bishop,', 91.0792)",2,2
292,293,0,2,"Levy, Mr. Rene Jacques",male,36.0,0,0,SC/Paris 2163,12.875,D,C,"Levy,",1,"('Levy,', 12.875)",1,1
293,294,0,3,"Haas, Miss. Aloisia",female,24.0,0,0,349236,8.85,,S,"Haas,",1,"('Haas,', 8.85)",1,1
294,295,0,3,"Mineff, Mr. Ivan",male,24.0,0,0,349233,7.8958,,S,"Mineff,",1,"('Mineff,', 7.8958)",1,38
295,296,0,1,"Lewy, Mr. Ervin G",male,,0,0,PC 17612,27.7208,,C,"Lewy,",1,"('Lewy,', 27.7208)",1,5
296,297,0,3,"Hanna, Mr. Mansour",male,23.5,0,0,2693,7.2292,,C,"Hanna,",1,"('Hanna,', 7.2292)",1,15
297,298,0,1,"Allison, Miss. Helen Loraine",female,2.0,1,2,113781,151.55,C22 C26,S,"Allison,",3,"('Allison,', 151.55)",3,4
298,299,1,1,"Saalfeld, Mr. Adolphe",male,,0,0,19988,30.5,C106,S,"Saalfeld,",1,"('Saalfeld,', 30.5)",1,5
299,300,1,1,"Baxter, Mrs. James (Helene DeLaudeniere Chaput)",female,50.0,0,1,PC 17558,247.5208,B58 B60,C,"Baxter,",2,"('Baxter,', 247.5208)",2,2
300,301,1,3,"Kelly, Miss. Anna Katherine ""Annie Kate""",female,,0,0,9234,7.75,,Q,"Kelly,",4,"('Kelly,', 7.75)",2,34
301,302,1,3,"McCoy, Mr. Bernard",male,,2,0,367226,23.25,,Q,"McCoy,",2,"('McCoy,', 23.25)",2,2
302,303,0,3,"Johnson, Mr. William Cahoone Jr",male,19.0,0,0,LINE,0.0,,S,"Johnson,",6,"('Johnson,', 0.0)",2,15
303,304,1,2,"Keane, Miss. Nora A",female,,0,0,226593,12.35,E101,Q,"Keane,",2,"('Keane,', 12.35)",1,3
304,305,0,3,"Williams, Mr. Howard Hugh ""Harry""",male,,0,0,A/5 2466,8.05,,S,"Williams,",4,"('Williams,', 8.05)",1,43
305,306,1,1,"Allison, Master. Hudson Trevor",male,0.92,1,2,113781,151.55,C22 C26,S,"Allison,",3,"('Allison,', 151.55)",3,4
306,307,1,1,"Fleming, Miss. Margaret",female,,0,0,17421,110.8833,,C,"Fleming,",1,"('Fleming,', 110.8833)",1,4
307,308,1,1,"Penasco y Castellana, Mrs. Victor de Satode (Maria Josefa Perez de Soto y Vallejo)",female,17.0,1,0,PC 17758,108.9,C65,C,Penasco,2,"('Penasco', 108.9)",2,2
308,309,0,2,"Abelson, Mr. Samuel",male,30.0,1,0,P/PP 3381,24.0,,C,"Abelson,",2,"('Abelson,', 24.0)",2,2
309,310,1,1,"Francatelli, Miss. Laura Mabel",female,30.0,0,0,PC 17485,56.9292,E36,C,"Francatelli,",1,"('Francatelli,', 56.9292)",1,2
310,311,1,1,"Hays, Miss. Margaret Bechstein",female,24.0,0,0,11767,83.1583,C54,C,"Hays,",2,"('Hays,', 83.1583)",1,3
311,312,1,1,"Ryerson, Miss. Emily Borie",female,18.0,2,2,PC 17608,262.375,B57 B59 B63 B66,C,"Ryerson,",2,"('Ryerson,', 262.375)",2,2
312,313,0,2,"Lahtinen, Mrs. William (Anna Sylfven)",female,26.0,1,1,250651,26.0,,S,"Lahtinen,",1,"('Lahtinen,', 26.0)",1,31
313,314,0,3,"Hendekovic, Mr. Ignjac",male,28.0,0,0,349243,7.8958,,S,"Hendekovic,",1,"('Hendekovic,', 7.8958)",1,38
314,315,0,2,"Hart, Mr. Benjamin",male,43.0,1,1,F.C.C. 13529,26.25,,S,"Hart,",4,"('Hart,', 26.25)",3,6
315,316,1,3,"Nilsson, Miss. Helmina Josefina",female,26.0,0,0,347470,7.8542,,S,"Nilsson,",1,"('Nilsson,', 7.8542)",1,13
316,317,1,2,"Kantor, Mrs. Sinai (Miriam Sternin)",female,24.0,1,0,244367,26.0,,S,"Kantor,",2,"('Kantor,', 26.0)",2,31
317,318,0,2,"Moraweck, Dr. Ernest",male,54.0,0,0,29011,14.0,,S,"Moraweck,",1,"('Moraweck,', 14.0)",1,1
318,319,1,1,"Wick, Miss. Mary Natalie",female,31.0,0,2,36928,164.8667,C7,S,"Wick,",2,"('Wick,', 164.8667)",2,2
319,320,1,1,"Spedden, Mrs. Frederic Oakley (Margaretta Corning Stone)",female,40.0,1,1,16966,134.5,E34,C,"Spedden,",1,"('Spedden,', 134.5)",1,2
320,321,0,3,"Dennis, Mr. Samuel",male,22.0,0,0,A/5 21172,7.25,,S,"Dennis,",1,"('Dennis,', 7.25)",1,13
321,322,0,3,"Danoff, Mr. Yoto",male,27.0,0,0,349219,7.8958,,S,"Danoff,",1,"('Danoff,', 7.8958)",1,38
322,323,1,2,"Slayter, Miss. Hilda Mary",female,30.0,0,0,234818,12.35,,Q,"Slayter,",1,"('Slayter,', 12.35)",1,3
323,324,1,2,"Caldwell, Mrs. Albert Francis (Sylvia Mae Harbaugh)",female,22.0,1,1,248738,29.0,,S,"Caldwell,",2,"('Caldwell,', 29.0)",2,2
324,325,0,3,"Sage, Mr. George John Jr",male,,8,2,CA. 2343,69.55,,S,"Sage,",7,"('Sage,', 69.55)",7,7
325,326,1,1,"Young, Miss. Marie Grice",female,36.0,0,0,PC 17760,135.6333,C32,C,"Young,",1,"('Young,', 135.6333)",1,3
326,327,0,3,"Nysveen, Mr. Johan Hansen",male,61.0,0,0,345364,6.2375,,S,"Nysveen,",1,"('Nysveen,', 6.2375)",1,1
327,328,1,2,"Ball, Mrs. (Ada E Hall)",female,36.0,0,0,28551,13.0,D,S,"Ball,",1,"('Ball,', 13.0)",1,42
328,329,1,3,"Goldsmith, Mrs. Frank John (Emily Alice Brown)",female,31.0,1,1,363291,20.525,,S,"Goldsmith,",3,"('Goldsmith,', 20.525)",3,3
329,330,1,1,"Hippach, Miss. Jean Gertrude",female,16.0,0,1,111361,57.9792,B18,C,"Hippach,",2,"('Hippach,', 57.9792)",2,2
330,331,1,3,"McCoy, Miss. Agnes",female,,2,0,367226,23.25,,Q,"McCoy,",2,"('McCoy,', 23.25)",2,2
331,332,0,1,"Partner, Mr. Austen",male,45.5,0,0,113043,28.5,C124,S,"Partner,",1,"('Partner,', 28.5)",1,1
332,333,0,1,"Graham, Mr. George Edward",male,38.0,0,1,PC 17582,153.4625,C91,S,"Graham,",3,"('Graham,', 153.4625)",2,3
333,334,0,3,"Vander Planke, Mr. Leo Edmondus",male,16.0,2,0,345764,18.0,,S,Vander,4,"('Vander', 18.0)",3,3
334,335,1,1,"Frauenthal, Mrs. Henry William (Clara Heinsheimer)",female,,1,0,PC 17611,133.65,,S,"Frauenthal,",2,"('Frauenthal,', 133.65)",2,2
335,336,0,3,"Denkoff, Mr. Mitto",male,,0,0,349225,7.8958,,S,"Denkoff,",1,"('Denkoff,', 7.8958)",1,38
336,337,0,1,"Pears, Mr. Thomas Clinton",male,29.0,1,0,113776,66.6,C2,S,"Pears,",2,"('Pears,', 66.6)",2,2
337,338,1,1,"Burns, Miss. Elizabeth Margaret",female,41.0,0,0,16966,134.5,E40,C,"Burns,",1,"('Burns,', 134.5)",1,2
338,339,1,3,"Dahl, Mr. Karl Edwart",male,45.0,0,0,7598,8.05,,S,"Dahl,",1,"('Dahl,', 8.05)",1,43
339,340,0,1,"Blackwell, Mr. Stephen Weart",male,45.0,0,0,113784,35.5,T,S,"Blackwell,",1,"('Blackwell,', 35.5)",1,4
340,341,1,2,"Navratil, Master. Edmond Roger",male,2.0,1,1,230080,26.0,F2,S,"Navratil,",3,"('Navratil,', 26.0)",3,31
341,342,1,1,"Fortune, Miss. Alice Elizabeth",female,24.0,3,2,19950,263.0,C23 C25 C27,S,"Fortune,",4,"('Fortune,', 263.0)",4,4
342,343,0,2,"Collander, Mr. Erik Gustaf",male,28.0,0,0,248740,13.0,,S,"Collander,",1,"('Collander,', 13.0)",1,42
343,344,0,2,"Sedgwick, Mr. Charles Frederick Waddington",male,25.0,0,0,244361,13.0,,S,"Sedgwick,",1,"('Sedgwick,', 13.0)",1,42
344,345,0,2,"Fox, Mr. Stanley Hubert",male,36.0,0,0,229236,13.0,,S,"Fox,",1,"('Fox,', 13.0)",1,42
345,346,1,2,"Brown, Miss. Amelia ""Mildred""",female,24.0,0,0,248733,13.0,F33,S,"Brown,",4,"('Brown,', 13.0)",1,42
346,347,1,2,"Smith, Miss. Marion Elsie",female,40.0,0,0,31418,13.0,,S,"Smith,",4,"('Smith,', 13.0)",1,42
347,348,1,3,"Davison, Mrs. Thomas Henry (Mary E Finck)",female,,1,0,386525,16.1,,S,"Davison,",1,"('Davison,', 16.1)",1,9
348,349,1,3,"Coutts, Master. William Loch ""William""",male,3.0,1,1,C.A. 37671,15.9,,S,"Coutts,",2,"('Coutts,', 15.9)",2,2
349,350,0,3,"Dimic, Mr. Jovan",male,42.0,0,0,315088,8.6625,,S,"Dimic,",1,"('Dimic,', 8.6625)",1,13
350,351,0,3,"Odahl, Mr. Nils Martin",male,23.0,0,0,7267,9.225,,S,"Odahl,",1,"('Odahl,', 9.225)",1,2
351,352,0,1,"Williams-Lambert, Mr. Fletcher Fellows",male,,0,0,113510,35.0,C128,S,"Williams-Lambert,",1,"('Williams-Lambert,', 35.0)",1,1
352,353,0,3,"Elias, Mr. Tannous",male,15.0,1,1,2695,7.2292,,C,"Elias,",3,"('Elias,', 7.2292)",2,15
353,354,0,3,"Arnold-Franchi, Mr. Josef",male,25.0,1,0,349237,17.8,,S,"Arnold-Franchi,",2,"('Arnold-Franchi,', 17.8)",2,2
354,355,0,3,"Yousif, Mr. Wazli",male,,0,0,2647,7.225,,C,"Yousif,",1,"('Yousif,', 7.225)",1,12
355,356,0,3,"Vanden Steen, Mr. Leo Peter",male,28.0,0,0,345783,9.5,,S,Vanden,1,"('Vanden', 9.5)",1,9
356,357,1,1,"Bowerman, Miss. Elsie Edith",female,22.0,0,1,113505,55.0,E33,S,"Bowerman,",1,"('Bowerman,', 55.0)",1,2
357,358,0,2,"Funk, Miss. Annie Clemmer",female,38.0,0,0,237671,13.0,,S,"Funk,",1,"('Funk,', 13.0)",1,42
358,359,1,3,"McGovern, Miss. Mary",female,,0,0,330931,7.8792,,Q,"McGovern,",1,"('McGovern,', 7.8792)",1,4
359,360,1,3,"Mockler, Miss. Helen Mary ""Ellie""",female,,0,0,330980,7.8792,,Q,"Mockler,",1,"('Mockler,', 7.8792)",1,4
360,361,0,3,"Skoog, Mr. Wilhelm",male,40.0,1,4,347088,27.9,,S,"Skoog,",6,"('Skoog,', 27.9)",6,6
361,362,0,2,"del Carlo, Mr. Sebastiano",male,29.0,1,0,SC/PARIS 2167,27.7208,,C,del,1,"('del', 27.7208)",1,5
362,363,0,3,"Barbara, Mrs. (Catherine David)",female,45.0,0,1,2691,14.4542,,C,"Barbara,",2,"('Barbara,', 14.4542)",2,7
363,364,0,3,"Asim, Mr. Adola",male,35.0,0,0,SOTON/O.Q. 3101310,7.05,,S,"Asim,",1,"('Asim,', 7.05)",1,7
364,365,0,3,"O'Brien, Mr. Thomas",male,,1,0,370365,15.5,,Q,"O'Brien,",3,"(""O'Brien,"", 15.5)",2,8
365,366,0,3,"Adahl, Mr. Mauritz Nils Martin",male,30.0,0,0,C 7076,7.25,,S,"Adahl,",1,"('Adahl,', 7.25)",1,13
366,367,1,1,"Warren, Mrs. Frank Manley (Anna Sophia Atkinson)",female,60.0,1,0,110813,75.25,D37,C,"Warren,",1,"('Warren,', 75.25)",1,1
367,368,1,3,"Moussa, Mrs. (Mantoura Boulos)",female,,0,0,2626,7.2292,,C,"Moussa,",1,"('Moussa,', 7.2292)",1,15
368,369,1,3,"Jermyn, Miss. Annie",female,,0,0,14313,7.75,,Q,"Jermyn,",1,"('Jermyn,', 7.75)",1,34
369,370,1,1,"Aubart, Mme. Leontine Pauline",female,24.0,0,0,PC 17477,69.3,B35,C,"Aubart,",1,"('Aubart,', 69.3)",1,2
370,371,1,1,"Harder, Mr. George Achilles",male,25.0,1,0,11765,55.4417,E50,C,"Harder,",1,"('Harder,', 55.4417)",1,1
371,372,0,3,"Wiklund, Mr. Jakob Alfred",male,18.0,1,0,3101267,6.4958,,S,"Wiklund,",1,"('Wiklund,', 6.4958)",1,2
372,373,0,3,"Beavan, Mr. William Thomas",male,19.0,0,0,323951,8.05,,S,"Beavan,",1,"('Beavan,', 8.05)",1,43
373,374,0,1,"Ringhini, Mr. Sante",male,22.0,0,0,PC 17760,135.6333,,C,"Ringhini,",1,"('Ringhini,', 135.6333)",1,3
374,375,0,3,"Palsson, Miss. Stina Viola",female,3.0,3,1,349909,21.075,,S,"Palsson,",4,"('Palsson,', 21.075)",4,4
375,376,1,1,"Meyer, Mrs. Edgar Joseph (Leila Saks)",female,,1,0,PC 17604,82.1708,,C,"Meyer,",3,"('Meyer,', 82.1708)",2,2
376,377,1,3,"Landergren, Miss. Aurora Adelia",female,22.0,0,0,C 7077,7.25,,S,"Landergren,",1,"('Landergren,', 7.25)",1,13
377,378,0,1,"Widener, Mr. Harry Elkins",male,27.0,0,2,113503,211.5,C82,C,"Widener,",1,"('Widener,', 211.5)",1,1
378,379,0,3,"Betros, Mr. Tannous",male,20.0,0,0,2648,4.0125,,C,"Betros,",1,"('Betros,', 4.0125)",1,1
379,380,0,3,"Gustafsson, Mr. Karl Gideon",male,19.0,0,0,347069,7.775,,S,"Gustafsson,",4,"('Gustafsson,', 7.775)",1,16
380,381,1,1,"Bidois, Miss. Rosalie",female,42.0,0,0,PC 17757,227.525,,C,"Bidois,",1,"('Bidois,', 227.525)",1,4
381,382,1,3,"Nakid, Miss. Maria (""Mary"")",female,1.0,0,2,2653,15.7417,,C,"Nakid,",2,"('Nakid,', 15.7417)",2,2
382,383,0,3,"Tikkanen, Mr. Juho",male,32.0,0,0,STON/O 2. 3101293,7.925,,S,"Tikkanen,",1,"('Tikkanen,', 7.925)",1,18
383,384,1,1,"Holverson, Mrs. Alexander Oskar (Mary Aline Towner)",female,35.0,1,0,113789,52.0,,S,"Holverson,",2,"('Holverson,', 52.0)",2,7
384,385,0,3,"Plotcharsky, Mr. Vasil",male,,0,0,349227,7.8958,,S,"Plotcharsky,",1,"('Plotcharsky,', 7.8958)",1,38
385,386,0,2,"Davies, Mr. Charles Henry",male,18.0,0,0,S.O.C. 14879,73.5,,S,"Davies,",3,"('Davies,', 73.5)",1,5
386,387,0,3,"Goodwin, Master. Sidney Leonard",male,1.0,5,2,CA 2144,46.9,,S,"Goodwin,",6,"('Goodwin,', 46.9)",6,6
387,388,1,2,"Buss, Miss. Kate",female,36.0,0,0,27849,13.0,,S,"Buss,",1,"('Buss,', 13.0)",1,42
388,389,0,3,"Sadlier, Mr. Matthew",male,,0,0,367655,7.7292,,Q,"Sadlier,",1,"('Sadlier,', 7.7292)",1,1
389,390,1,2,"Lehmann, Miss. Bertha",female,17.0,0,0,SC 1748,12.0,,C,"Lehmann,",1,"('Lehmann,', 12.0)",1,1
390,391,1,1,"Carter, Mr. William Ernest",male,36.0,1,2,113760,120.0,B96 B98,S,"Carter,",6,"('Carter,', 120.0)",4,4
391,392,1,3,"Jansson, Mr. Carl Olof",male,21.0,0,0,350034,7.7958,,S,"Jansson,",1,"('Jansson,', 7.7958)",1,6
392,393,0,3,"Gustafsson, Mr. Johan Birger",male,28.0,2,0,3101277,7.925,,S,"Gustafsson,",4,"('Gustafsson,', 7.925)",2,18
393,394,1,1,"Newell, Miss. Marjorie",female,23.0,1,0,35273,113.275,D36,C,"Newell,",3,"('Newell,', 113.275)",3,3
394,395,1,3,"Sandstrom, Mrs. Hjalmar (Agnes Charlotta Bengtsson)",female,24.0,0,2,PP 9549,16.7,G6,S,"Sandstrom,",2,"('Sandstrom,', 16.7)",2,2
395,396,0,3,"Johansson, Mr. Erik",male,22.0,0,0,350052,7.7958,,S,"Johansson,",3,"('Johansson,', 7.7958)",1,6
396,397,0,3,"Olsson, Miss. Elina",female,31.0,0,0,350407,7.8542,,S,"Olsson,",2,"('Olsson,', 7.8542)",2,13
397,398,0,2,"McKane, Mr. Peter David",male,46.0,0,0,28403,26.0,,S,"McKane,",1,"('McKane,', 26.0)",1,31
398,399,0,2,"Pain, Dr. Alfred",male,23.0,0,0,244278,10.5,,S,"Pain,",1,"('Pain,', 10.5)",1,24
399,400,1,2,"Trout, Mrs. William H (Jessie L)",female,28.0,0,0,240929,12.65,,S,"Trout,",1,"('Trout,', 12.65)",1,1
400,401,1,3,"Niskanen, Mr. Juha",male,39.0,0,0,STON/O 2. 3101289,7.925,,S,"Niskanen,",1,"('Niskanen,', 7.925)",1,18
401,402,0,3,"Adams, Mr. John",male,26.0,0,0,341826,8.05,,S,"Adams,",1,"('Adams,', 8.05)",1,43
402,403,0,3,"Jussila, Miss. Mari Aina",female,21.0,1,0,4137,9.825,,S,"Jussila,",3,"('Jussila,', 9.825)",2,2
403,404,0,3,"Hakkarainen, Mr. Pekka Pietari",male,28.0,1,0,STON/O2. 3101279,15.85,,S,"Hakkarainen,",2,"('Hakkarainen,', 15.85)",2,4
404,405,0,3,"Oreskovic, Miss. Marija",female,20.0,0,0,315096,8.6625,,S,"Oreskovic,",2,"('Oreskovic,', 8.6625)",2,13
405,406,0,2,"Gale, Mr. Shadrach",male,34.0,1,0,28664,21.0,,S,"Gale,",1,"('Gale,', 21.0)",1,6
406,407,0,3,"Widegren, Mr. Carl/Charles Peter",male,51.0,0,0,347064,7.75,,S,"Widegren,",1,"('Widegren,', 7.75)",1,34
407,408,1,2,"Richards, Master. William Rowe",male,3.0,1,1,29106,18.75,,S,"Richards,",3,"('Richards,', 18.75)",3,3
408,409,0,3,"Birkeland, Mr. Hans Martin Monsen",male,21.0,0,0,312992,7.775,,S,"Birkeland,",1,"('Birkeland,', 7.775)",1,16
409,410,0,3,"Lefebre, Miss. Ida",female,,3,1,4133,25.4667,,S,"Lefebre,",4,"('Lefebre,', 25.4667)",4,4
410,411,0,3,"Sdycoff, Mr. Todor",male,,0,0,349222,7.8958,,S,"Sdycoff,",1,"('Sdycoff,', 7.8958)",1,38
411,412,0,3,"Hart, Mr. Henry",male,,0,0,394140,6.8583,,Q,"Hart,",4,"('Hart,', 6.8583)",1,1
412,413,1,1,"Minahan, Miss. Daisy E",female,33.0,1,0,19928,90.0,C78,Q,"Minahan,",2,"('Minahan,', 90.0)",2,4
413,414,0,2,"Cunningham, Mr. Alfred Fleming",male,,0,0,239853,0.0,,S,"Cunningham,",1,"('Cunningham,', 0.0)",1,15
414,415,1,3,"Sundman, Mr. Johan Julian",male,44.0,0,0,STON/O 2. 3101269,7.925,,S,"Sundman,",1,"('Sundman,', 7.925)",1,18
415,416,0,3,"Meek, Mrs. Thomas (Annie Louise Rowley)",female,,0,0,343095,8.05,,S,"Meek,",1,"('Meek,', 8.05)",1,43
416,417,1,2,"Drew, Mrs. James Vivian (Lulu Thorne Christian)",female,34.0,1,1,28220,32.5,,S,"Drew,",1,"('Drew,', 32.5)",1,1
417,418,1,2,"Silven, Miss. Lyyli Karoliina",female,18.0,0,2,250652,13.0,,S,"Silven,",1,"('Silven,', 13.0)",1,42
418,419,0,2,"Matthews, Mr. William John",male,30.0,0,0,28228,13.0,,S,"Matthews,",1,"('Matthews,', 13.0)",1,42
419,420,0,3,"Van Impe, Miss. Catharina",female,10.0,0,2,345773,24.15,,S,Van,4,"('Van', 24.15)",3,8
420,421,0,3,"Gheorgheff, Mr. Stanio",male,,0,0,349254,7.8958,,C,"Gheorgheff,",1,"('Gheorgheff,', 7.8958)",1,38
421,422,0,3,"Charters, Mr. David",male,21.0,0,0,A/5. 13032,7.7333,,Q,"Charters,",1,"('Charters,', 7.7333)",1,4
422,423,0,3,"Zimmerman, Mr. Leo",male,29.0,0,0,315082,7.875,,S,"Zimmerman,",1,"('Zimmerman,', 7.875)",1,1
423,424,0,3,"Danbom, Mrs. Ernst Gilbert (Anna Sigrid Maria Brogren)",female,28.0,1,1,347080,14.4,,S,"Danbom,",2,"('Danbom,', 14.4)",2,2
424,425,0,3,"Rosblom, Mr. Viktor Richard",male,18.0,1,1,370129,20.2125,,S,"Rosblom,",2,"('Rosblom,', 20.2125)",2,2
425,426,0,3,"Wiseman, Mr. Phillippe",male,,0,0,A/4. 34244,7.25,,S,"Wiseman,",1,"('Wiseman,', 7.25)",1,13
426,427,1,2,"Clarke, Mrs. Charles V (Ada Maria Winfield)",female,28.0,1,0,2003,26.0,,S,"Clarke,",1,"('Clarke,', 26.0)",1,31
427,428,1,2,"Phillips, Miss. Kate Florence (""Mrs Kate Louise Phillips Marshall"")",female,19.0,0,0,250655,26.0,,S,"Phillips,",1,"('Phillips,', 26.0)",1,31
428,429,0,3,"Flynn, Mr. James",male,,0,0,364851,7.75,,Q,"Flynn,",3,"('Flynn,', 7.75)",1,34
429,430,1,3,"Pickard, Mr. Berk (Berk Trembisky)",male,32.0,0,0,SOTON/O.Q. 392078,8.05,E10,S,"Pickard,",1,"('Pickard,', 8.05)",1,43
430,431,1,1,"Bjornstrom-Steffansson, Mr. Mauritz Hakan",male,28.0,0,0,110564,26.55,C52,S,"Bjornstrom-Steffansson,",1,"('Bjornstrom-Steffansson,', 26.55)",1,15
431,432,1,3,"Thorneycroft, Mrs. Percival (Florence Kate White)",female,,1,0,376564,16.1,,S,"Thorneycroft,",2,"('Thorneycroft,', 16.1)",2,9
432,433,1,2,"Louch, Mrs. Charles Alexander (Alice Adelaide Slow)",female,42.0,1,0,SC/AH 3085,26.0,,S,"Louch,",1,"('Louch,', 26.0)",1,31
433,434,0,3,"Kallio, Mr. Nikolai Erland",male,17.0,0,0,STON/O 2. 3101274,7.125,,S,"Kallio,",1,"('Kallio,', 7.125)",1,4
434,435,0,1,"Silvey, Mr. William Baird",male,50.0,1,0,13507,55.9,E44,S,"Silvey,",2,"('Silvey,', 55.9)",2,2
435,436,1,1,"Carter, Miss. Lucile Polk",female,14.0,1,2,113760,120.0,B96 B98,S,"Carter,",6,"('Carter,', 120.0)",4,4
436,437,0,3,"Ford, Miss. Doolina Margaret ""Daisy""",female,21.0,2,2,W./C. 6608,34.375,,S,"Ford,",4,"('Ford,', 34.375)",4,4
437,438,1,2,"Richards, Mrs. Sidney (Emily Hocking)",female,24.0,2,3,29106,18.75,,S,"Richards,",3,"('Richards,', 18.75)",3,3
438,439,0,1,"Fortune, Mr. Mark",male,64.0,1,4,19950,263.0,C23 C25 C27,S,"Fortune,",4,"('Fortune,', 263.0)",4,4
439,440,0,2,"Kvillner, Mr. Johan Henrik Johannesson",male,31.0,0,0,C.A. 18723,10.5,,S,"Kvillner,",1,"('Kvillner,', 10.5)",1,24
440,441,1,2,"Hart, Mrs. Benjamin (Esther Ada Bloomfield)",female,45.0,1,1,F.C.C. 13529,26.25,,S,"Hart,",4,"('Hart,', 26.25)",3,6
441,442,0,3,"Hampe, Mr. Leon",male,20.0,0,0,345769,9.5,,S,"Hampe,",1,"('Hampe,', 9.5)",1,9
442,443,0,3,"Petterson, Mr. Johan Emil",male,25.0,1,0,347076,7.775,,S,"Petterson,",1,"('Petterson,', 7.775)",1,16
443,444,1,2,"Reynaldo, Ms. Encarnacion",female,28.0,0,0,230434,13.0,,S,"Reynaldo,",1,"('Reynaldo,', 13.0)",1,42
444,445,1,3,"Johannesen-Bratthammer, Mr. Bernt",male,,0,0,65306,8.1125,,S,"Johannesen-Bratthammer,",1,"('Johannesen-Bratthammer,', 8.1125)",1,1
445,446,1,1,"Dodge, Master. Washington",male,4.0,0,2,33638,81.8583,A34,S,"Dodge,",1,"('Dodge,', 81.8583)",1,1
446,447,1,2,"Mellinger, Miss. Madeleine Violet",female,13.0,0,1,250644,19.5,,S,"Mellinger,",2,"('Mellinger,', 19.5)",2,2
447,448,1,1,"Seward, Mr. Frederic Kimber",male,34.0,0,0,113794,26.55,,S,"Seward,",1,"('Seward,', 26.55)",1,15
448,449,1,3,"Baclini, Miss. Marie Catherine",female,5.0,2,1,2666,19.2583,,C,"Baclini,",4,"('Baclini,', 19.2583)",4,4
449,450,1,1,"Peuchen, Major. Arthur Godfrey",male,52.0,0,0,113786,30.5,C104,S,"Peuchen,",1,"('Peuchen,', 30.5)",1,5
450,451,0,2,"West, Mr. Edwy Arthur",male,36.0,1,2,C.A. 34651,27.75,,S,"West,",3,"('West,', 27.75)",3,4
451,452,0,3,"Hagland, Mr. Ingvald Olai Olsen",male,,1,0,65303,19.9667,,S,"Hagland,",2,"('Hagland,', 19.9667)",2,2
452,453,0,1,"Foreman, Mr. Benjamin Laventall",male,30.0,0,0,113051,27.75,C111,C,"Foreman,",1,"('Foreman,', 27.75)",1,4
453,454,1,1,"Goldenberg, Mr. Samuel L",male,49.0,1,0,17453,89.1042,C92,C,"Goldenberg,",2,"('Goldenberg,', 89.1042)",2,2
454,455,0,3,"Peduzzi, Mr. Joseph",male,,0,0,A/5 2817,8.05,,S,"Peduzzi,",1,"('Peduzzi,', 8.05)",1,43
455,456,1,3,"Jalsevac, Mr. Ivan",male,29.0,0,0,349240,7.8958,,C,"Jalsevac,",1,"('Jalsevac,', 7.8958)",1,38
456,457,0,1,"Millet, Mr. Francis Davis",male,65.0,0,0,13509,26.55,E38,S,"Millet,",1,"('Millet,', 26.55)",1,15
457,458,1,1,"Kenyon, Mrs. Frederick R (Marion)",female,,1,0,17464,51.8625,D21,S,"Kenyon,",1,"('Kenyon,', 51.8625)",1,2
458,459,1,2,"Toomey, Miss. Ellen",female,50.0,0,0,F.C.C. 13531,10.5,,S,"Toomey,",1,"('Toomey,', 10.5)",1,24
459,460,0,3,"O'Connor, Mr. Maurice",male,,0,0,371060,7.75,,Q,"O'Connor,",1,"(""O'Connor,"", 7.75)",1,34
460,461,1,1,"Anderson, Mr. Harry",male,48.0,0,0,19952,26.55,E12,S,"Anderson,",1,"('Anderson,', 26.55)",1,15
461,462,0,3,"Morley, Mr. William",male,34.0,0,0,364506,8.05,,S,"Morley,",2,"('Morley,', 8.05)",1,43
462,463,0,1,"Gee, Mr. Arthur H",male,47.0,0,0,111320,38.5,E63,S,"Gee,",1,"('Gee,', 38.5)",1,1
463,464,0,2,"Milling, Mr. Jacob Christian",male,48.0,0,0,234360,13.0,,S,"Milling,",1,"('Milling,', 13.0)",1,42
464,465,0,3,"Maisner, Mr. Simon",male,,0,0,A/S 2816,8.05,,S,"Maisner,",1,"('Maisner,', 8.05)",1,43
465,466,0,3,"Goncalves, Mr. Manuel Estanslas",male,38.0,0,0,SOTON/O.Q. 3101306,7.05,,S,"Goncalves,",1,"('Goncalves,', 7.05)",1,7
466,467,0,2,"Campbell, Mr. William",male,,0,0,239853,0.0,,S,"Campbell,",1,"('Campbell,', 0.0)",1,15
467,468,0,1,"Smart, Mr. John Montgomery",male,56.0,0,0,113792,26.55,,S,"Smart,",1,"('Smart,', 26.55)",1,15
468,469,0,3,"Scanlan, Mr. James",male,,0,0,36209,7.725,,Q,"Scanlan,",1,"('Scanlan,', 7.725)",1,1
469,470,1,3,"Baclini, Miss. Helene Barbara",female,0.75,2,1,2666,19.2583,,C,"Baclini,",4,"('Baclini,', 19.2583)",4,4
470,471,0,3,"Keefe, Mr. Arthur",male,,0,0,323592,7.25,,S,"Keefe,",1,"('Keefe,', 7.25)",1,13
471,472,0,3,"Cacic, Mr. Luka",male,38.0,0,0,315089,8.6625,,S,"Cacic,",2,"('Cacic,', 8.6625)",2,13
472,473,1,2,"West, Mrs. Edwy Arthur (Ada Mary Worth)",female,33.0,1,2,C.A. 34651,27.75,,S,"West,",3,"('West,', 27.75)",3,4
473,474,1,2,"Jerwan, Mrs. Amin S (Marie Marthe Thuillard)",female,23.0,0,0,SC/AH Basle 541,13.7917,D,C,"Jerwan,",1,"('Jerwan,', 13.7917)",1,1
474,475,0,3,"Strandberg, Miss. Ida Sofia",female,22.0,0,0,7553,9.8375,,S,"Strandberg,",1,"('Strandberg,', 9.8375)",1,1
475,476,0,1,"Clifford, Mr. George Quincy",male,,0,0,110465,52.0,A14,S,"Clifford,",1,"('Clifford,', 52.0)",1,7
476,477,0,2,"Renouf, Mr. Peter Henry",male,34.0,1,0,31027,21.0,,S,"Renouf,",2,"('Renouf,', 21.0)",2,6
477,478,0,3,"Braund, Mr. Lewis Richard",male,29.0,1,0,3460,7.0458,,S,"Braund,",2,"('Braund,', 7.0458)",1,1
478,479,0,3,"Karlsson, Mr. Nils August",male,22.0,0,0,350060,7.5208,,S,"Karlsson,",1,"('Karlsson,', 7.5208)",1,1
479,480,1,3,"Hirvonen, Miss. Hildur E",female,2.0,0,1,3101298,12.2875,,S,"Hirvonen,",1,"('Hirvonen,', 12.2875)",1,1
480,481,0,3,"Goodwin, Master. Harold Victor",male,9.0,5,2,CA 2144,46.9,,S,"Goodwin,",6,"('Goodwin,', 46.9)",6,6
481,482,0,2,"Frost, Mr. Anthony Wood ""Archie""",male,,0,0,239854,0.0,,S,"Frost,",1,"('Frost,', 0.0)",1,15
482,483,0,3,"Rouse, Mr. Richard Henry",male,50.0,0,0,A/5 3594,8.05,,S,"Rouse,",1,"('Rouse,', 8.05)",1,43
483,484,1,3,"Turkula, Mrs. (Hedwig)",female,63.0,0,0,4134,9.5875,,S,"Turkula,",1,"('Turkula,', 9.5875)",1,2
484,485,1,1,"Bishop, Mr. Dickinson H",male,25.0,1,0,11967,91.0792,B49,C,"Bishop,",2,"('Bishop,', 91.0792)",2,2
485,486,0,3,"Lefebre, Miss. Jeannie",female,,3,1,4133,25.4667,,S,"Lefebre,",4,"('Lefebre,', 25.4667)",4,4
486,487,1,1,"Hoyt, Mrs. Frederick Maxfield (Jane Anne Forby)",female,35.0,1,0,19943,90.0,C93,S,"Hoyt,",3,"('Hoyt,', 90.0)",2,4
487,488,0,1,"Kent, Mr. Edward Austin",male,58.0,0,0,11771,29.7,B37,C,"Kent,",1,"('Kent,', 29.7)",1,3
488,489,0,3,"Somerton, Mr. Francis William",male,30.0,0,0,A.5. 18509,8.05,,S,"Somerton,",1,"('Somerton,', 8.05)",1,43
489,490,1,3,"Coutts, Master. Eden Leslie ""Neville""",male,9.0,1,1,C.A. 37671,15.9,,S,"Coutts,",2,"('Coutts,', 15.9)",2,2
490,491,0,3,"Hagland, Mr. Konrad Mathias Reiersen",male,,1,0,65304,19.9667,,S,"Hagland,",2,"('Hagland,', 19.9667)",2,2
491,492,0,3,"Windelov, Mr. Einar",male,21.0,0,0,SOTON/OQ 3101317,7.25,,S,"Windelov,",1,"('Windelov,', 7.25)",1,13
492,493,0,1,"Molson, Mr. Harry Markland",male,55.0,0,0,113787,30.5,C30,S,"Molson,",1,"('Molson,', 30.5)",1,5
493,494,0,1,"Artagaveytia, Mr. Ramon",male,71.0,0,0,PC 17609,49.5042,,C,"Artagaveytia,",1,"('Artagaveytia,', 49.5042)",1,2
494,495,0,3,"Stanley, Mr. Edward Roland",male,21.0,0,0,A/4 45380,8.05,,S,"Stanley,",2,"('Stanley,', 8.05)",1,43
495,496,0,3,"Yousseff, Mr. Gerious",male,,0,0,2627,14.4583,,C,"Yousseff,",1,"('Yousseff,', 14.4583)",1,3
496,497,1,1,"Eustis, Miss. Elizabeth Mussey",female,54.0,1,0,36947,78.2667,D20,C,"Eustis,",1,"('Eustis,', 78.2667)",1,2
497,498,0,3,"Shellard, Mr. Frederick William",male,,0,0,C.A. 6212,15.1,,S,"Shellard,",1,"('Shellard,', 15.1)",1,1
498,499,0,1,"Allison, Mrs. Hudson J C (Bessie Waldo Daniels)",female,25.0,1,2,113781,151.55,C22 C26,S,"Allison,",3,"('Allison,', 151.55)",3,4
499,500,0,3,"Svensson, Mr. Olof",male,24.0,0,0,350035,7.7958,,S,"Svensson,",2,"('Svensson,', 7.7958)",1,6
500,501,0,3,"Calic, Mr. Petar",male,17.0,0,0,315086,8.6625,,S,"Calic,",2,"('Calic,', 8.6625)",2,13
501,502,0,3,"Canavan, Miss. Mary",female,21.0,0,0,364846,7.75,,Q,"Canavan,",1,"('Canavan,', 7.75)",1,34
502,503,0,3,"O'Sullivan, Miss. Bridget Mary",female,,0,0,330909,7.6292,,Q,"O'Sullivan,",1,"(""O'Sullivan,"", 7.6292)",1,1
503,504,0,3,"Laitinen, Miss. Kristina Sofia",female,37.0,0,0,4135,9.5875,,S,"Laitinen,",1,"('Laitinen,', 9.5875)",1,2
504,505,1,1,"Maioni, Miss. Roberta",female,16.0,0,0,110152,86.5,B79,S,"Maioni,",1,"('Maioni,', 86.5)",1,3
505,506,0,1,"Penasco y Castellana, Mr. Victor de Satode",male,18.0,1,0,PC 17758,108.9,C65,C,Penasco,2,"('Penasco', 108.9)",2,2
506,507,1,2,"Quick, Mrs. Frederick Charles (Jane Richards)",female,33.0,0,2,26360,26.0,,S,"Quick,",2,"('Quick,', 26.0)",2,31
507,508,1,1,"Bradley, Mr. George (""George Arthur Brayton"")",male,,0,0,111427,26.55,,S,"Bradley,",1,"('Bradley,', 26.55)",1,15
508,509,0,3,"Olsen, Mr. Henry Margido",male,28.0,0,0,C 4001,22.525,,S,"Olsen,",3,"('Olsen,', 22.525)",1,1
509,510,1,3,"Lang, Mr. Fang",male,26.0,0,0,1601,56.4958,,S,"Lang,",1,"('Lang,', 56.4958)",1,7
510,511,1,3,"Daly, Mr. Eugene Patrick",male,29.0,0,0,382651,7.75,,Q,"Daly,",2,"('Daly,', 7.75)",1,34
511,512,0,3,"Webber, Mr. James",male,,0,0,SOTON/OQ 3101316,8.05,,S,"Webber,",2,"('Webber,', 8.05)",1,43
512,513,1,1,"McGough, Mr. James Robert",male,36.0,0,0,PC 17473,26.2875,E25,S,"McGough,",1,"('McGough,', 26.2875)",1,3
513,514,1,1,"Rothschild, Mrs. Martin (Elizabeth L. Barrett)",female,54.0,1,0,PC 17603,59.4,,C,"Rothschild,",1,"('Rothschild,', 59.4)",1,1
514,515,0,3,"Coleff, Mr. Satio",male,24.0,0,0,349209,7.4958,,S,"Coleff,",2,"('Coleff,', 7.4958)",2,3
515,516,0,1,"Walker, Mr. William Anderson",male,47.0,0,0,36967,34.0208,D46,S,"Walker,",1,"('Walker,', 34.0208)",1,1
516,517,1,2,"Lemore, Mrs. (Amelia Milley)",female,34.0,0,0,C.A. 34260,10.5,F33,S,"Lemore,",1,"('Lemore,', 10.5)",1,24
517,518,0,3,"Ryan, Mr. Patrick",male,,0,0,371110,24.15,,Q,"Ryan,",1,"('Ryan,', 24.15)",1,8
518,519,1,2,"Angle, Mrs. William A (Florence ""Mary"" Agnes Hughes)",female,36.0,1,0,226875,26.0,,S,"Angle,",1,"('Angle,', 26.0)",1,31
519,520,0,3,"Pavlovic, Mr. Stefo",male,32.0,0,0,349242,7.8958,,S,"Pavlovic,",1,"('Pavlovic,', 7.8958)",1,38
520,521,1,1,"Perreault, Miss. Anne",female,30.0,0,0,12749,93.5,B73,S,"Perreault,",1,"('Perreault,', 93.5)",1,2
521,522,0,3,"Vovk, Mr. Janko",male,22.0,0,0,349252,7.8958,,S,"Vovk,",1,"('Vovk,', 7.8958)",1,38
522,523,0,3,"Lahoud, Mr. Sarkis",male,,0,0,2624,7.225,,C,"Lahoud,",1,"('Lahoud,', 7.225)",1,12
523,524,1,1,"Hippach, Mrs. Louis Albert (Ida Sophia Fischer)",female,44.0,0,1,111361,57.9792,B18,C,"Hippach,",2,"('Hippach,', 57.9792)",2,2
524,525,0,3,"Kassem, Mr. Fared",male,,0,0,2700,7.2292,,C,"Kassem,",1,"('Kassem,', 7.2292)",1,15
525,526,0,3,"Farrell, Mr. James",male,40.5,0,0,367232,7.75,,Q,"Farrell,",1,"('Farrell,', 7.75)",1,34
526,527,1,2,"Ridsdale, Miss. Lucy",female,50.0,0,0,W./C. 14258,10.5,,S,"Ridsdale,",1,"('Ridsdale,', 10.5)",1,24
527,528,0,1,"Farthing, Mr. John",male,,0,0,PC 17483,221.7792,C95,S,"Farthing,",1,"('Farthing,', 221.7792)",1,1
528,529,0,3,"Salonen, Mr. Johan Werner",male,39.0,0,0,3101296,7.925,,S,"Salonen,",1,"('Salonen,', 7.925)",1,18
529,530,0,2,"Hocking, Mr. Richard George",male,23.0,2,1,29104,11.5,,S,"Hocking,",2,"('Hocking,', 11.5)",1,4
530,531,1,2,"Quick, Miss. Phyllis May",female,2.0,1,1,26360,26.0,,S,"Quick,",2,"('Quick,', 26.0)",2,31
531,532,0,3,"Toufik, Mr. Nakli",male,,0,0,2641,7.2292,,C,"Toufik,",1,"('Toufik,', 7.2292)",1,15
532,533,0,3,"Elias, Mr. Joseph Jr",male,17.0,1,1,2690,7.2292,,C,"Elias,",3,"('Elias,', 7.2292)",2,15
533,534,1,3,"Peter, Mrs. Catherine (Catherine Rizk)",female,,0,2,2668,22.3583,,C,"Peter,",2,"('Peter,', 22.3583)",2,2
534,535,0,3,"Cacic, Miss. Marija",female,30.0,0,0,315084,8.6625,,S,"Cacic,",2,"('Cacic,', 8.6625)",2,13
535,536,1,2,"Hart, Miss. Eva Miriam",female,7.0,0,2,F.C.C. 13529,26.25,,S,"Hart,",4,"('Hart,', 26.25)",3,6
536,537,0,1,"Butt, Major. Archibald Willingham",male,45.0,0,0,113050,26.55,B38,S,"Butt,",1,"('Butt,', 26.55)",1,15
537,538,1,1,"LeRoy, Miss. Bertha",female,30.0,0,0,PC 17761,106.425,,C,"LeRoy,",1,"('LeRoy,', 106.425)",1,2
538,539,0,3,"Risien, Mr. Samuel Beard",male,,0,0,364498,14.5,,S,"Risien,",1,"('Risien,', 14.5)",1,7
539,540,1,1,"Frolicher, Miss. Hedwig Margaritha",female,22.0,0,2,13568,49.5,B39,C,"Frolicher,",1,"('Frolicher,', 49.5)",1,1
540,541,1,1,"Crosby, Miss. Harriet R",female,36.0,0,2,WE/P 5735,71.0,B22,S,"Crosby,",2,"('Crosby,', 71.0)",2,2
541,542,0,3,"Andersson, Miss. Ingeborg Constanzia",female,9.0,4,2,347082,31.275,,S,"Andersson,",9,"('Andersson,', 31.275)",7,7
542,543,0,3,"Andersson, Miss. Sigrid Elisabeth",female,11.0,4,2,347082,31.275,,S,"Andersson,",9,"('Andersson,', 31.275)",7,7
543,544,1,2,"Beane, Mr. Edward",male,32.0,1,0,2908,26.0,,S,"Beane,",2,"('Beane,', 26.0)",2,31
544,545,0,1,"Douglas, Mr. Walter Donald",male,50.0,1,0,PC 17761,106.425,C86,C,"Douglas,",1,"('Douglas,', 106.425)",1,2
545,546,0,1,"Nicholson, Mr. Arthur Ernest",male,64.0,0,0,693,26.0,,S,"Nicholson,",1,"('Nicholson,', 26.0)",1,31
546,547,1,2,"Beane, Mrs. Edward (Ethel Clarke)",female,19.0,1,0,2908,26.0,,S,"Beane,",2,"('Beane,', 26.0)",2,31
547,548,1,2,"Padro y Manent, Mr. Julian",male,,0,0,SC/PARIS 2146,13.8625,,C,Padro,1,"('Padro', 13.8625)",1,1
548,549,0,3,"Goldsmith, Mr. Frank John",male,33.0,1,1,363291,20.525,,S,"Goldsmith,",3,"('Goldsmith,', 20.525)",3,3
549,550,1,2,"Davies, Master. John Morgan Jr",male,8.0,1,1,C.A. 33112,36.75,,S,"Davies,",3,"('Davies,', 36.75)",1,2
550,551,1,1,"Thayer, Mr. John Borland Jr",male,17.0,0,2,17421,110.8833,C70,C,"Thayer,",3,"('Thayer,', 110.8833)",3,4
551,552,0,2,"Sharp, Mr. Percival James R",male,27.0,0,0,244358,26.0,,S,"Sharp,",1,"('Sharp,', 26.0)",1,31
552,553,0,3,"O'Brien, Mr. Timothy",male,,0,0,330979,7.8292,,Q,"O'Brien,",3,"(""O'Brien,"", 7.8292)",1,2
553,554,1,3,"Leeni, Mr. Fahim (""Philip Zenni"")",male,22.0,0,0,2620,7.225,,C,"Leeni,",1,"('Leeni,', 7.225)",1,12
554,555,1,3,"Ohman, Miss. Velin",female,22.0,0,0,347085,7.775,,S,"Ohman,",1,"('Ohman,', 7.775)",1,16
555,556,0,1,"Wright, Mr. George",male,62.0,0,0,113807,26.55,,S,"Wright,",1,"('Wright,', 26.55)",1,15
556,557,1,1,"Duff Gordon, Lady. (Lucille Christiana Sutherland) (""Mrs Morgan"")",female,48.0,1,0,11755,39.6,A16,C,Duff,2,"('Duff', 39.6)",1,2
557,558,0,1,"Robbins, Mr. Victor",male,,0,0,PC 17757,227.525,,C,"Robbins,",1,"('Robbins,', 227.525)",1,4
558,559,1,1,"Taussig, Mrs. Emil (Tillie Mandelbaum)",female,39.0,1,1,110413,79.65,E67,S,"Taussig,",3,"('Taussig,', 79.65)",3,3
559,560,1,3,"de Messemaeker, Mrs. Guillaume Joseph (Emma)",female,36.0,1,0,345572,17.4,,S,de,3,"('de', 17.4)",1,1
560,561,0,3,"Morrow, Mr. Thomas Rowan",male,,0,0,372622,7.75,,Q,"Morrow,",1,"('Morrow,', 7.75)",1,34
561,562,0,3,"Sivic, Mr. Husein",male,40.0,0,0,349251,7.8958,,S,"Sivic,",1,"('Sivic,', 7.8958)",1,38
562,563,0,2,"Norman, Mr. Robert Douglas",male,28.0,0,0,218629,13.5,,S,"Norman,",1,"('Norman,', 13.5)",1,4
563,564,0,3,"Simmons, Mr. John",male,,0,0,SOTON/OQ 392082,8.05,,S,"Simmons,",1,"('Simmons,', 8.05)",1,43
564,565,0,3,"Meanwell, Miss. (Marion Ogden)",female,,0,0,SOTON/O.Q. 392087,8.05,,S,"Meanwell,",1,"('Meanwell,', 8.05)",1,43
565,566,0,3,"Davies, Mr. Alfred J",male,24.0,2,0,A/4 48871,24.15,,S,"Davies,",3,"('Davies,', 24.15)",1,8
566,567,0,3,"Stoytcheff, Mr. Ilia",male,19.0,0,0,349205,7.8958,,S,"Stoytcheff,",1,"('Stoytcheff,', 7.8958)",1,38
567,568,0,3,"Palsson, Mrs. Nils (Alma Cornelia Berglund)",female,29.0,0,4,349909,21.075,,S,"Palsson,",4,"('Palsson,', 21.075)",4,4
568,569,0,3,"Doharr, Mr. Tannous",male,,0,0,2686,7.2292,,C,"Doharr,",1,"('Doharr,', 7.2292)",1,15
569,570,1,3,"Jonsson, Mr. Carl",male,32.0,0,0,350417,7.8542,,S,"Jonsson,",1,"('Jonsson,', 7.8542)",1,13
570,571,1,2,"Harris, Mr. George",male,62.0,0,0,S.W./PP 752,10.5,,S,"Harris,",4,"('Harris,', 10.5)",2,24
571,572,1,1,"Appleton, Mrs. Edward Dale (Charlotte Lamson)",female,53.0,2,0,11769,51.4792,C101,S,"Appleton,",1,"('Appleton,', 51.4792)",1,1
572,573,1,1,"Flynn, Mr. John Irwin (""Irving"")",male,36.0,0,0,PC 17474,26.3875,E25,S,"Flynn,",3,"('Flynn,', 26.3875)",1,1
573,574,1,3,"Kelly, Miss. Mary",female,,0,0,14312,7.75,,Q,"Kelly,",4,"('Kelly,', 7.75)",2,34
574,575,0,3,"Rush, Mr. Alfred George John",male,16.0,0,0,A/4. 20589,8.05,,S,"Rush,",1,"('Rush,', 8.05)",1,43
575,576,0,3,"Patchett, Mr. George",male,19.0,0,0,358585,14.5,,S,"Patchett,",1,"('Patchett,', 14.5)",1,7
576,577,1,2,"Garside, Miss. Ethel",female,34.0,0,0,243880,13.0,,S,"Garside,",1,"('Garside,', 13.0)",1,42
577,578,1,1,"Silvey, Mrs. William Baird (Alice Munger)",female,39.0,1,0,13507,55.9,E44,S,"Silvey,",2,"('Silvey,', 55.9)",2,2
578,579,0,3,"Caram, Mrs. Joseph (Maria Elias)",female,,1,0,2689,14.4583,,C,"Caram,",1,"('Caram,', 14.4583)",1,3
579,580,1,3,"Jussila, Mr. Eiriik",male,32.0,0,0,STON/O 2. 3101286,7.925,,S,"Jussila,",3,"('Jussila,', 7.925)",1,18
580,581,1,2,"Christy, Miss. Julie Rachel",female,25.0,1,1,237789,30.0,,S,"Christy,",1,"('Christy,', 30.0)",1,6
581,582,1,1,"Thayer, Mrs. John Borland (Marian Longstreth Morris)",female,39.0,1,1,17421,110.8833,C68,C,"Thayer,",3,"('Thayer,', 110.8833)",3,4
582,583,0,2,"Downton, Mr. William James",male,54.0,0,0,28403,26.0,,S,"Downton,",1,"('Downton,', 26.0)",1,31
583,584,0,1,"Ross, Mr. John Hugo",male,36.0,0,0,13049,40.125,A10,C,"Ross,",1,"('Ross,', 40.125)",1,1
584,585,0,3,"Paulner, Mr. Uscher",male,,0,0,3411,8.7125,,C,"Paulner,",1,"('Paulner,', 8.7125)",1,1
585,586,1,1,"Taussig, Miss. Ruth",female,18.0,0,2,110413,79.65,E68,S,"Taussig,",3,"('Taussig,', 79.65)",3,3
586,587,0,2,"Jarvis, Mr. John Denzil",male,47.0,0,0,237565,15.0,,S,"Jarvis,",1,"('Jarvis,', 15.0)",1,1
587,588,1,1,"Frolicher-Stehli, Mr. Maxmillian",male,60.0,1,1,13567,79.2,B41,C,"Frolicher-Stehli,",1,"('Frolicher-Stehli,', 79.2)",1,4
588,589,0,3,"Gilinski, Mr. Eliezer",male,22.0,0,0,14973,8.05,,S,"Gilinski,",1,"('Gilinski,', 8.05)",1,43
589,590,0,3,"Murdlin, Mr. Joseph",male,,0,0,A./5. 3235,8.05,,S,"Murdlin,",1,"('Murdlin,', 8.05)",1,43
590,591,0,3,"Rintamaki, Mr. Matti",male,35.0,0,0,STON/O 2. 3101273,7.125,,S,"Rintamaki,",1,"('Rintamaki,', 7.125)",1,4
591,592,1,1,"Stephenson, Mrs. Walter Bertram (Martha Eustis)",female,52.0,1,0,36947,78.2667,D20,C,"Stephenson,",1,"('Stephenson,', 78.2667)",1,2
592,593,0,3,"Elsbury, Mr. William James",male,47.0,0,0,A/5 3902,7.25,,S,"Elsbury,",1,"('Elsbury,', 7.25)",1,13
593,594,0,3,"Bourke, Miss. Mary",female,,0,2,364848,7.75,,Q,"Bourke,",3,"('Bourke,', 7.75)",1,34
594,595,0,2,"Chapman, Mr. John Henry",male,37.0,1,0,SC/AH 29037,26.0,,S,"Chapman,",2,"('Chapman,', 26.0)",1,31
595,596,0,3,"Van Impe, Mr. Jean Baptiste",male,36.0,1,1,345773,24.15,,S,Van,4,"('Van', 24.15)",3,8
596,597,1,2,"Leitch, Miss. Jessie Wills",female,,0,0,248727,33.0,,S,"Leitch,",1,"('Leitch,', 33.0)",1,3
597,598,0,3,"Johnson, Mr. Alfred",male,49.0,0,0,LINE,0.0,,S,"Johnson,",6,"('Johnson,', 0.0)",2,15
598,599,0,3,"Boulos, Mr. Hanna",male,,0,0,2664,7.225,,C,"Boulos,",3,"('Boulos,', 7.225)",1,12
599,600,1,1,"Duff Gordon, Sir. Cosmo Edmund (""Mr Morgan"")",male,49.0,1,0,PC 17485,56.9292,A20,C,Duff,2,"('Duff', 56.9292)",1,2
600,601,1,2,"Jacobsohn, Mrs. Sidney Samuel (Amy Frances Christy)",female,24.0,2,1,243847,27.0,,S,"Jacobsohn,",2,"('Jacobsohn,', 27.0)",2,2
601,602,0,3,"Slabenoff, Mr. Petco",male,,0,0,349214,7.8958,,S,"Slabenoff,",1,"('Slabenoff,', 7.8958)",1,38
602,603,0,1,"Harrington, Mr. Charles H",male,,0,0,113796,42.4,,S,"Harrington,",1,"('Harrington,', 42.4)",1,1
603,604,0,3,"Torber, Mr. Ernst William",male,44.0,0,0,364511,8.05,,S,"Torber,",1,"('Torber,', 8.05)",1,43
604,605,1,1,"Homer, Mr. Harry (""Mr E Haven"")",male,35.0,0,0,111426,26.55,,C,"Homer,",1,"('Homer,', 26.55)",1,15
605,606,0,3,"Lindell, Mr. Edvard Bengtsson",male,36.0,1,0,349910,15.55,,S,"Lindell,",1,"('Lindell,', 15.55)",1,1
606,607,0,3,"Karaic, Mr. Milan",male,30.0,0,0,349246,7.8958,,S,"Karaic,",1,"('Karaic,', 7.8958)",1,38
607,608,1,1,"Daniel, Mr. Robert Williams",male,27.0,0,0,113804,30.5,,S,"Daniel,",1,"('Daniel,', 30.5)",1,5
608,609,1,2,"Laroche, Mrs. Joseph (Juliette Marie Louise Lafargue)",female,22.0,1,2,SC/Paris 2123,41.5792,,C,"Laroche,",3,"('Laroche,', 41.5792)",3,3
609,610,1,1,"Shutes, Miss. Elizabeth W",female,40.0,0,0,PC 17582,153.4625,C125,S,"Shutes,",1,"('Shutes,', 153.4625)",1,3
610,611,0,3,"Andersson, Mrs. Anders Johan (Alfrida Konstantia Brogren)",female,39.0,1,5,347082,31.275,,S,"Andersson,",9,"('Andersson,', 31.275)",7,7
611,612,0,3,"Jardin, Mr. Jose Neto",male,,0,0,SOTON/O.Q. 3101305,7.05,,S,"Jardin,",1,"('Jardin,', 7.05)",1,7
612,613,1,3,"Murphy, Miss. Margaret Jane",female,,1,0,367230,15.5,,Q,"Murphy,",2,"('Murphy,', 15.5)",2,8
613,614,0,3,"Horgan, Mr. John",male,,0,0,370377,7.75,,Q,"Horgan,",1,"('Horgan,', 7.75)",1,34
614,615,0,3,"Brocklebank, Mr. William Alfred",male,35.0,0,0,364512,8.05,,S,"Brocklebank,",1,"('Brocklebank,', 8.05)",1,43
615,616,1,2,"Herman, Miss. Alice",female,24.0,1,2,220845,65.0,,S,"Herman,",2,"('Herman,', 65.0)",2,2
616,617,0,3,"Danbom, Mr. Ernst Gilbert",male,34.0,1,1,347080,14.4,,S,"Danbom,",2,"('Danbom,', 14.4)",2,2
617,618,0,3,"Lobb, Mrs. William Arthur (Cordelia K Stanlick)",female,26.0,1,0,A/5. 3336,16.1,,S,"Lobb,",2,"('Lobb,', 16.1)",2,9
618,619,1,2,"Becker, Miss. Marion Louise",female,4.0,2,1,230136,39.0,F4,S,"Becker,",2,"('Becker,', 39.0)",2,4
619,620,0,2,"Gavey, Mr. Lawrence",male,26.0,0,0,31028,10.5,,S,"Gavey,",1,"('Gavey,', 10.5)",1,24
620,621,0,3,"Yasbeck, Mr. Antoni",male,27.0,1,0,2659,14.4542,,C,"Yasbeck,",2,"('Yasbeck,', 14.4542)",2,7
621,622,1,1,"Kimball, Mr. Edwin Nelson Jr",male,42.0,1,0,11753,52.5542,D19,S,"Kimball,",1,"('Kimball,', 52.5542)",1,3
622,623,1,3,"Nakid, Mr. Sahid",male,20.0,1,1,2653,15.7417,,C,"Nakid,",2,"('Nakid,', 15.7417)",2,2
623,624,0,3,"Hansen, Mr. Henry Damsgaard",male,21.0,0,0,350029,7.8542,,S,"Hansen,",3,"('Hansen,', 7.8542)",2,13
624,625,0,3,"Bowen, Mr. David John ""Dai""",male,21.0,0,0,54636,16.1,,S,"Bowen,",1,"('Bowen,', 16.1)",1,9
625,626,0,1,"Sutton, Mr. Frederick",male,61.0,0,0,36963,32.3208,D50,S,"Sutton,",1,"('Sutton,', 32.3208)",1,1
626,627,0,2,"Kirkland, Rev. Charles Leonard",male,57.0,0,0,219533,12.35,,Q,"Kirkland,",1,"('Kirkland,', 12.35)",1,3
627,628,1,1,"Longley, Miss. Gretchen Fiske",female,21.0,0,0,13502,77.9583,D9,S,"Longley,",1,"('Longley,', 77.9583)",1,3
628,629,0,3,"Bostandyeff, Mr. Guentcho",male,26.0,0,0,349224,7.8958,,S,"Bostandyeff,",1,"('Bostandyeff,', 7.8958)",1,38
629,630,0,3,"O'Connell, Mr. Patrick D",male,,0,0,334912,7.7333,,Q,"O'Connell,",1,"(""O'Connell,"", 7.7333)",1,4
630,631,1,1,"Barkworth, Mr. Algernon Henry Wilson",male,80.0,0,0,27042,30.0,A23,S,"Barkworth,",1,"('Barkworth,', 30.0)",1,6
631,632,0,3,"Lundahl, Mr. Johan Svensson",male,51.0,0,0,347743,7.0542,,S,"Lundahl,",1,"('Lundahl,', 7.0542)",1,2
632,633,1,1,"Stahelin-Maeglin, Dr. Max",male,32.0,0,0,13214,30.5,B50,C,"Stahelin-Maeglin,",1,"('Stahelin-Maeglin,', 30.5)",1,5
633,634,0,1,"Parr, Mr. William Henry Marsh",male,,0,0,112052,0.0,,S,"Parr,",1,"('Parr,', 0.0)",1,15
634,635,0,3,"Skoog, Miss. Mabel",female,9.0,3,2,347088,27.9,,S,"Skoog,",6,"('Skoog,', 27.9)",6,6
635,636,1,2,"Davis, Miss. Mary",female,28.0,0,0,237668,13.0,,S,"Davis,",1,"('Davis,', 13.0)",1,42
636,637,0,3,"Leinonen, Mr. Antti Gustaf",male,32.0,0,0,STON/O 2. 3101292,7.925,,S,"Leinonen,",1,"('Leinonen,', 7.925)",1,18
637,638,0,2,"Collyer, Mr. Harvey",male,31.0,1,1,C.A. 31921,26.25,,S,"Collyer,",3,"('Collyer,', 26.25)",3,6
638,639,0,3,"Panula, Mrs. Juha (Maria Emilia Ojala)",female,41.0,0,5,3101295,39.6875,,S,"Panula,",6,"('Panula,', 39.6875)",6,6
639,640,0,3,"Thorneycroft, Mr. Percival",male,,1,0,376564,16.1,,S,"Thorneycroft,",2,"('Thorneycroft,', 16.1)",2,9
640,641,0,3,"Jensen, Mr. Hans Peder",male,20.0,0,0,350050,7.8542,,S,"Jensen,",3,"('Jensen,', 7.8542)",2,13
641,642,1,1,"Sagesser, Mlle. Emma",female,24.0,0,0,PC 17477,69.3,B35,C,"Sagesser,",1,"('Sagesser,', 69.3)",1,2
642,643,0,3,"Skoog, Miss. Margit Elizabeth",female,2.0,3,2,347088,27.9,,S,"Skoog,",6,"('Skoog,', 27.9)",6,6
643,644,1,3,"Foo, Mr. Choong",male,,0,0,1601,56.4958,,S,"Foo,",1,"('Foo,', 56.4958)",1,7
644,645,1,3,"Baclini, Miss. Eugenie",female,0.75,2,1,2666,19.2583,,C,"Baclini,",4,"('Baclini,', 19.2583)",4,4
645,646,1,1,"Harper, Mr. Henry Sleeper",male,48.0,1,0,PC 17572,76.7292,D33,C,"Harper,",4,"('Harper,', 76.7292)",2,3
646,647,0,3,"Cor, Mr. Liudevit",male,19.0,0,0,349231,7.8958,,S,"Cor,",1,"('Cor,', 7.8958)",1,38
647,648,1,1,"Simonius-Blumer, Col. Oberst Alfons",male,56.0,0,0,13213,35.5,A26,C,"Simonius-Blumer,",1,"('Simonius-Blumer,', 35.5)",1,4
648,649,0,3,"Willey, Mr. Edward",male,,0,0,S.O./P.P. 751,7.55,,S,"Willey,",1,"('Willey,', 7.55)",1,4
649,650,1,3,"Stanley, Miss. Amy Zillah Elsie",female,23.0,0,0,CA. 2314,7.55,,S,"Stanley,",2,"('Stanley,', 7.55)",1,4
650,651,0,3,"Mitkoff, Mr. Mito",male,,0,0,349221,7.8958,,S,"Mitkoff,",1,"('Mitkoff,', 7.8958)",1,38
651,652,1,2,"Doling, Miss. Elsie",female,18.0,0,1,231919,23.0,,S,"Doling,",2,"('Doling,', 23.0)",2,4
652,653,0,3,"Kalvik, Mr. Johannes Halvorsen",male,21.0,0,0,8475,8.4333,,S,"Kalvik,",1,"('Kalvik,', 8.4333)",1,1
653,654,1,3,"O'Leary, Miss. Hanora ""Norah""",female,,0,0,330919,7.8292,,Q,"O'Leary,",1,"(""O'Leary,"", 7.8292)",1,2
654,655,0,3,"Hegarty, Miss. Hanora ""Nora""",female,18.0,0,0,365226,6.75,,Q,"Hegarty,",1,"('Hegarty,', 6.75)",1,2
655,656,0,2,"Hickman, Mr. Leonard Mark",male,24.0,2,0,S.O.C. 14879,73.5,,S,"Hickman,",3,"('Hickman,', 73.5)",3,5
656,657,0,3,"Radeff, Mr. Alexander",male,,0,0,349223,7.8958,,S,"Radeff,",1,"('Radeff,', 7.8958)",1,38
657,658,0,3,"Bourke, Mrs. John (Catherine)",female,32.0,1,1,364849,15.5,,Q,"Bourke,",3,"('Bourke,', 15.5)",2,8
658,659,0,2,"Eitemiller, Mr. George Floyd",male,23.0,0,0,29751,13.0,,S,"Eitemiller,",1,"('Eitemiller,', 13.0)",1,42
659,660,0,1,"Newell, Mr. Arthur Webster",male,58.0,0,2,35273,113.275,D48,C,"Newell,",3,"('Newell,', 113.275)",3,3
660,661,1,1,"Frauenthal, Dr. Henry William",male,50.0,2,0,PC 17611,133.65,,S,"Frauenthal,",2,"('Frauenthal,', 133.65)",2,2
661,662,0,3,"Badt, Mr. Mohamed",male,40.0,0,0,2623,7.225,,C,"Badt,",1,"('Badt,', 7.225)",1,12
662,663,0,1,"Colley, Mr. Edward Pomeroy",male,47.0,0,0,5727,25.5875,E58,S,"Colley,",1,"('Colley,', 25.5875)",1,1
663,664,0,3,"Coleff, Mr. Peju",male,36.0,0,0,349210,7.4958,,S,"Coleff,",2,"('Coleff,', 7.4958)",2,3
664,665,1,3,"Lindqvist, Mr. Eino William",male,20.0,1,0,STON/O 2. 3101285,7.925,,S,"Lindqvist,",1,"('Lindqvist,', 7.925)",1,18
665,666,0,2,"Hickman, Mr. Lewis",male,32.0,2,0,S.O.C. 14879,73.5,,S,"Hickman,",3,"('Hickman,', 73.5)",3,5
666,667,0,2,"Butler, Mr. Reginald Fenton",male,25.0,0,0,234686,13.0,,S,"Butler,",1,"('Butler,', 13.0)",1,42
667,668,0,3,"Rommetvedt, Mr. Knud Paust",male,,0,0,312993,7.775,,S,"Rommetvedt,",1,"('Rommetvedt,', 7.775)",1,16
668,669,0,3,"Cook, Mr. Jacob",male,43.0,0,0,A/5 3536,8.05,,S,"Cook,",1,"('Cook,', 8.05)",1,43
669,670,1,1,"Taylor, Mrs. Elmer Zebley (Juliet Cummins Wright)",female,,1,0,19996,52.0,C126,S,"Taylor,",2,"('Taylor,', 52.0)",2,7
670,671,1,2,"Brown, Mrs. Thomas William Solomon (Elizabeth Catherine Ford)",female,40.0,1,1,29750,39.0,,S,"Brown,",4,"('Brown,', 39.0)",2,4
671,672,0,1,"Davidson, Mr. Thornton",male,31.0,1,0,F.C. 12750,52.0,B71,S,"Davidson,",1,"('Davidson,', 52.0)",1,7
672,673,0,2,"Mitchell, Mr. Henry Michael",male,70.0,0,0,C.A. 24580,10.5,,S,"Mitchell,",1,"('Mitchell,', 10.5)",1,24
673,674,1,2,"Wilhelms, Mr. Charles",male,31.0,0,0,244270,13.0,,S,"Wilhelms,",1,"('Wilhelms,', 13.0)",1,42
674,675,0,2,"Watson, Mr. Ennis Hastings",male,,0,0,239856,0.0,,S,"Watson,",1,"('Watson,', 0.0)",1,15
675,676,0,3,"Edvardsson, Mr. Gustaf Hjalmar",male,18.0,0,0,349912,7.775,,S,"Edvardsson,",1,"('Edvardsson,', 7.775)",1,16
676,677,0,3,"Sawyer, Mr. Frederick Charles",male,24.5,0,0,342826,8.05,,S,"Sawyer,",1,"('Sawyer,', 8.05)",1,43
677,678,1,3,"Turja, Miss. Anna Sofia",female,18.0,0,0,4138,9.8417,,S,"Turja,",1,"('Turja,', 9.8417)",1,1
678,679,0,3,"Goodwin, Mrs. Frederick (Augusta Tyler)",female,43.0,1,6,CA 2144,46.9,,S,"Goodwin,",6,"('Goodwin,', 46.9)",6,6
679,680,1,1,"Cardeza, Mr. Thomas Drake Martinez",male,36.0,0,1,PC 17755,512.3292,B51 B53 B55,C,"Cardeza,",1,"('Cardeza,', 512.3292)",1,3
680,681,0,3,"Peters, Miss. Katie",female,,0,0,330935,8.1375,,Q,"Peters,",1,"('Peters,', 8.1375)",1,1
681,682,1,1,"Hassab, Mr. Hammad",male,27.0,0,0,PC 17572,76.7292,D49,C,"Hassab,",1,"('Hassab,', 76.7292)",1,3
682,683,0,3,"Olsvigen, Mr. Thor Anderson",male,20.0,0,0,6563,9.225,,S,"Olsvigen,",1,"('Olsvigen,', 9.225)",1,2
683,684,0,3,"Goodwin, Mr. Charles Edward",male,14.0,5,2,CA 2144,46.9,,S,"Goodwin,",6,"('Goodwin,', 46.9)",6,6
684,685,0,2,"Brown, Mr. Thomas William Solomon",male,60.0,1,1,29750,39.0,,S,"Brown,",4,"('Brown,', 39.0)",2,4
685,686,0,2,"Laroche, Mr. Joseph Philippe Lemercier",male,25.0,1,2,SC/Paris 2123,41.5792,,C,"Laroche,",3,"('Laroche,', 41.5792)",3,3
686,687,0,3,"Panula, Mr. Jaako Arnold",male,14.0,4,1,3101295,39.6875,,S,"Panula,",6,"('Panula,', 39.6875)",6,6
687,688,0,3,"Dakic, Mr. Branko",male,19.0,0,0,349228,10.1708,,S,"Dakic,",1,"('Dakic,', 10.1708)",1,1
688,689,0,3,"Fischer, Mr. Eberhard Thelander",male,18.0,0,0,350036,7.7958,,S,"Fischer,",1,"('Fischer,', 7.7958)",1,6
689,690,1,1,"Madill, Miss. Georgette Alexandra",female,15.0,0,1,24160,211.3375,B5,S,"Madill,",1,"('Madill,', 211.3375)",1,3
690,691,1,1,"Dick, Mr. Albert Adrian",male,31.0,1,0,17474,57.0,B20,S,"Dick,",2,"('Dick,', 57.0)",2,2
691,692,1,3,"Karun, Miss. Manca",female,4.0,0,1,349256,13.4167,,C,"Karun,",1,"('Karun,', 13.4167)",1,1
692,693,1,3,"Lam, Mr. Ali",male,,0,0,1601,56.4958,,S,"Lam,",2,"('Lam,', 56.4958)",2,7
693,694,0,3,"Saad, Mr. Khalil",male,25.0,0,0,2672,7.225,,C,"Saad,",2,"('Saad,', 7.225)",1,12
694,695,0,1,"Weir, Col. John",male,60.0,0,0,113800,26.55,,S,"Weir,",1,"('Weir,', 26.55)",1,15
695,696,0,2,"Chapman, Mr. Charles Henry",male,52.0,0,0,248731,13.5,,S,"Chapman,",2,"('Chapman,', 13.5)",1,4
696,697,0,3,"Kelly, Mr. James",male,44.0,0,0,363592,8.05,,S,"Kelly,",4,"('Kelly,', 8.05)",1,43
697,698,1,3,"Mullens, Miss. Katherine ""Katie""",female,,0,0,35852,7.7333,,Q,"Mullens,",1,"('Mullens,', 7.7333)",1,4
698,699,0,1,"Thayer, Mr. John Borland",male,49.0,1,1,17421,110.8833,C68,C,"Thayer,",3,"('Thayer,', 110.8833)",3,4
699,700,0,3,"Humblen, Mr. Adolf Mathias Nicolai Olsen",male,42.0,0,0,348121,7.65,F G63,S,"Humblen,",1,"('Humblen,', 7.65)",1,4
700,701,1,1,"Astor, Mrs. John Jacob (Madeleine Talmadge Force)",female,18.0,1,0,PC 17757,227.525,C62 C64,C,"Astor,",1,"('Astor,', 227.525)",1,4
701,702,1,1,"Silverthorne, Mr. Spencer Victor",male,35.0,0,0,PC 17475,26.2875,E24,S,"Silverthorne,",1,"('Silverthorne,', 26.2875)",1,3
702,703,0,3,"Barbara, Miss. Saiide",female,18.0,0,1,2691,14.4542,,C,"Barbara,",2,"('Barbara,', 14.4542)",2,7
703,704,0,3,"Gallagher, Mr. Martin",male,25.0,0,0,36864,7.7417,,Q,"Gallagher,",1,"('Gallagher,', 7.7417)",1,1
704,705,0,3,"Hansen, Mr. Henrik Juul",male,26.0,1,0,350025,7.8542,,S,"Hansen,",3,"('Hansen,', 7.8542)",2,13
705,706,0,2,"Morley, Mr. Henry Samuel (""Mr Henry Marshall"")",male,39.0,0,0,250655,26.0,,S,"Morley,",2,"('Morley,', 26.0)",1,31
706,707,1,2,"Kelly, Mrs. Florence ""Fannie""",female,45.0,0,0,223596,13.5,,S,"Kelly,",4,"('Kelly,', 13.5)",1,4
707,708,1,1,"Calderhead, Mr. Edward Pennington",male,42.0,0,0,PC 17476,26.2875,E24,S,"Calderhead,",1,"('Calderhead,', 26.2875)",1,3
708,709,1,1,"Cleaver, Miss. Alice",female,22.0,0,0,113781,151.55,,S,"Cleaver,",1,"('Cleaver,', 151.55)",1,4
709,710,1,3,"Moubarek, Master. Halim Gonios (""William George"")",male,,1,1,2661,15.2458,,C,"Moubarek,",2,"('Moubarek,', 15.2458)",2,5
710,711,1,1,"Mayne, Mlle. Berthe Antonine (""Mrs de Villiers"")",female,24.0,0,0,PC 17482,49.5042,C90,C,"Mayne,",1,"('Mayne,', 49.5042)",1,2
711,712,0,1,"Klaber, Mr. Herman",male,,0,0,113028,26.55,C124,S,"Klaber,",1,"('Klaber,', 26.55)",1,15
712,713,1,1,"Taylor, Mr. Elmer Zebley",male,48.0,1,0,19996,52.0,C126,S,"Taylor,",2,"('Taylor,', 52.0)",2,7
713,714,0,3,"Larsson, Mr. August Viktor",male,29.0,0,0,7545,9.4833,,S,"Larsson,",2,"('Larsson,', 9.4833)",1,1
714,715,0,2,"Greenberg, Mr. Samuel",male,52.0,0,0,250647,13.0,,S,"Greenberg,",1,"('Greenberg,', 13.0)",1,42
715,716,0,3,"Soholt, Mr. Peter Andreas Lauritz Andersen",male,19.0,0,0,348124,7.65,F G73,S,"Soholt,",1,"('Soholt,', 7.65)",1,4
716,717,1,1,"Endres, Miss. Caroline Louise",female,38.0,0,0,PC 17757,227.525,C45,C,"Endres,",1,"('Endres,', 227.525)",1,4
717,718,1,2,"Troutt, Miss. Edwina Celia ""Winnie""",female,27.0,0,0,34218,10.5,E101,S,"Troutt,",1,"('Troutt,', 10.5)",1,24
718,719,0,3,"McEvoy, Mr. Michael",male,,0,0,36568,15.5,,Q,"McEvoy,",1,"('McEvoy,', 15.5)",1,8
719,720,0,3,"Johnson, Mr. Malkolm Joackim",male,33.0,0,0,347062,7.775,,S,"Johnson,",6,"('Johnson,', 7.775)",1,16
720,721,1,2,"Harper, Miss. Annie Jessie ""Nina""",female,6.0,0,1,248727,33.0,,S,"Harper,",4,"('Harper,', 33.0)",2,3
721,722,0,3,"Jensen, Mr. Svend Lauritz",male,17.0,1,0,350048,7.0542,,S,"Jensen,",3,"('Jensen,', 7.0542)",1,2
722,723,0,2,"Gillespie, Mr. William Henry",male,34.0,0,0,12233,13.0,,S,"Gillespie,",1,"('Gillespie,', 13.0)",1,42
723,724,0,2,"Hodges, Mr. Henry Price",male,50.0,0,0,250643,13.0,,S,"Hodges,",1,"('Hodges,', 13.0)",1,42
724,725,1,1,"Chambers, Mr. Norman Campbell",male,27.0,1,0,113806,53.1,E8,S,"Chambers,",2,"('Chambers,', 53.1)",2,5
725,726,0,3,"Oreskovic, Mr. Luka",male,20.0,0,0,315094,8.6625,,S,"Oreskovic,",2,"('Oreskovic,', 8.6625)",2,13
726,727,1,2,"Renouf, Mrs. Peter Henry (Lillian Jefferys)",female,30.0,3,0,31027,21.0,,S,"Renouf,",2,"('Renouf,', 21.0)",2,6
727,728,1,3,"Mannion, Miss. Margareth",female,,0,0,36866,7.7375,,Q,"Mannion,",1,"('Mannion,', 7.7375)",1,2
728,729,0,2,"Bryhl, Mr. Kurt Arnold Gottfrid",male,25.0,1,0,236853,26.0,,S,"Bryhl,",1,"('Bryhl,', 26.0)",1,31
729,730,0,3,"Ilmakangas, Miss. Pieta Sofia",female,25.0,1,0,STON/O2. 3101271,7.925,,S,"Ilmakangas,",1,"('Ilmakangas,', 7.925)",1,18
730,731,1,1,"Allen, Miss. Elisabeth Walton",female,29.0,0,0,24160,211.3375,B5,S,"Allen,",2,"('Allen,', 211.3375)",1,3
731,732,0,3,"Hassan, Mr. Houssein G N",male,11.0,0,0,2699,18.7875,,C,"Hassan,",1,"('Hassan,', 18.7875)",1,2
732,733,0,2,"Knight, Mr. Robert J",male,,0,0,239855,0.0,,S,"Knight,",1,"('Knight,', 0.0)",1,15
733,734,0,2,"Berriman, Mr. William John",male,23.0,0,0,28425,13.0,,S,"Berriman,",1,"('Berriman,', 13.0)",1,42
734,735,0,2,"Troupiansky, Mr. Moses Aaron",male,23.0,0,0,233639,13.0,,S,"Troupiansky,",1,"('Troupiansky,', 13.0)",1,42
735,736,0,3,"Williams, Mr. Leslie",male,28.5,0,0,54636,16.1,,S,"Williams,",4,"('Williams,', 16.1)",1,9
736,737,0,3,"Ford, Mrs. Edward (Margaret Ann Watson)",female,48.0,1,3,W./C. 6608,34.375,,S,"Ford,",4,"('Ford,', 34.375)",4,4
737,738,1,1,"Lesurer, Mr. Gustave J",male,35.0,0,0,PC 17755,512.3292,B101,C,"Lesurer,",1,"('Lesurer,', 512.3292)",1,3
738,739,0,3,"Ivanoff, Mr. Kanio",male,,0,0,349201,7.8958,,S,"Ivanoff,",1,"('Ivanoff,', 7.8958)",1,38
739,740,0,3,"Nankoff, Mr. Minko",male,,0,0,349218,7.8958,,S,"Nankoff,",1,"('Nankoff,', 7.8958)",1,38
740,741,1,1,"Hawksford, Mr. Walter James",male,,0,0,16988,30.0,D45,S,"Hawksford,",1,"('Hawksford,', 30.0)",1,6
741,742,0,1,"Cavendish, Mr. Tyrell William",male,36.0,1,0,19877,78.85,C46,S,"Cavendish,",1,"('Cavendish,', 78.85)",1,2
742,743,1,1,"Ryerson, Miss. Susan Parker ""Suzette""",female,21.0,2,2,PC 17608,262.375,B57 B59 B63 B66,C,"Ryerson,",2,"('Ryerson,', 262.375)",2,2
743,744,0,3,"McNamee, Mr. Neal",male,24.0,1,0,376566,16.1,,S,"McNamee,",1,"('McNamee,', 16.1)",1,9
744,745,1,3,"Stranden, Mr. Juho",male,31.0,0,0,STON/O 2. 3101288,7.925,,S,"Stranden,",1,"('Stranden,', 7.925)",1,18
745,746,0,1,"Crosby, Capt. Edward Gifford",male,70.0,1,1,WE/P 5735,71.0,B22,S,"Crosby,",2,"('Crosby,', 71.0)",2,2
746,747,0,3,"Abbott, Mr. Rossmore Edward",male,16.0,1,1,C.A. 2673,20.25,,S,"Abbott,",2,"('Abbott,', 20.25)",2,2
747,748,1,2,"Sinkkonen, Miss. Anna",female,30.0,0,0,250648,13.0,,S,"Sinkkonen,",1,"('Sinkkonen,', 13.0)",1,42
748,749,0,1,"Marvin, Mr. Daniel Warner",male,19.0,1,0,113773,53.1,D30,S,"Marvin,",1,"('Marvin,', 53.1)",1,5
749,750,0,3,"Connaghton, Mr. Michael",male,31.0,0,0,335097,7.75,,Q,"Connaghton,",1,"('Connaghton,', 7.75)",1,34
750,751,1,2,"Wells, Miss. Joan",female,4.0,1,1,29103,23.0,,S,"Wells,",1,"('Wells,', 23.0)",1,4
751,752,1,3,"Moor, Master. Meier",male,6.0,0,1,392096,12.475,E121,S,"Moor,",2,"('Moor,', 12.475)",2,4
752,753,0,3,"Vande Velde, Mr. Johannes Joseph",male,33.0,0,0,345780,9.5,,S,Vande,2,"('Vande', 9.5)",2,9
753,754,0,3,"Jonkoff, Mr. Lalio",male,23.0,0,0,349204,7.8958,,S,"Jonkoff,",1,"('Jonkoff,', 7.8958)",1,38
754,755,1,2,"Herman, Mrs. Samuel (Jane Laver)",female,48.0,1,2,220845,65.0,,S,"Herman,",2,"('Herman,', 65.0)",2,2
755,756,1,2,"Hamalainen, Master. Viljo",male,0.67,1,1,250649,14.5,,S,"Hamalainen,",2,"('Hamalainen,', 14.5)",2,7
756,757,0,3,"Carlsson, Mr. August Sigfrid",male,28.0,0,0,350042,7.7958,,S,"Carlsson,",2,"('Carlsson,', 7.7958)",1,6
757,758,0,2,"Bailey, Mr. Percy Andrew",male,18.0,0,0,29108,11.5,,S,"Bailey,",1,"('Bailey,', 11.5)",1,4
758,759,0,3,"Theobald, Mr. Thomas Leonard",male,34.0,0,0,363294,8.05,,S,"Theobald,",1,"('Theobald,', 8.05)",1,43
759,760,1,1,"Rothes, the Countess. of (Lucy Noel Martha Dyer-Edwards)",female,33.0,0,0,110152,86.5,B77,S,"Rothes,",1,"('Rothes,', 86.5)",1,3
760,761,0,3,"Garfirth, Mr. John",male,,0,0,358585,14.5,,S,"Garfirth,",1,"('Garfirth,', 14.5)",1,7
761,762,0,3,"Nirva, Mr. Iisakki Antino Aijo",male,41.0,0,0,SOTON/O2 3101272,7.125,,S,"Nirva,",1,"('Nirva,', 7.125)",1,4
762,763,1,3,"Barah, Mr. Hanna Assi",male,20.0,0,0,2663,7.2292,,C,"Barah,",1,"('Barah,', 7.2292)",1,15
763,764,1,1,"Carter, Mrs. William Ernest (Lucile Polk)",female,36.0,1,2,113760,120.0,B96 B98,S,"Carter,",6,"('Carter,', 120.0)",4,4
764,765,0,3,"Eklund, Mr. Hans Linus",male,16.0,0,0,347074,7.775,,S,"Eklund,",1,"('Eklund,', 7.775)",1,16
765,766,1,1,"Hogeboom, Mrs. John C (Anna Andrews)",female,51.0,1,0,13502,77.9583,D11,S,"Hogeboom,",1,"('Hogeboom,', 77.9583)",1,3
766,767,0,1,"Brewe, Dr. Arthur Jackson",male,,0,0,112379,39.6,,C,"Brewe,",1,"('Brewe,', 39.6)",1,2
767,768,0,3,"Mangan, Miss. Mary",female,30.5,0,0,364850,7.75,,Q,"Mangan,",1,"('Mangan,', 7.75)",1,34
768,769,0,3,"Moran, Mr. Daniel J",male,,1,0,371110,24.15,,Q,"Moran,",3,"('Moran,', 24.15)",2,8
769,770,0,3,"Gronnestad, Mr. Daniel Danielsen",male,32.0,0,0,8471,8.3625,,S,"Gronnestad,",1,"('Gronnestad,', 8.3625)",1,1
770,771,0,3,"Lievens, Mr. Rene Aime",male,24.0,0,0,345781,9.5,,S,"Lievens,",1,"('Lievens,', 9.5)",1,9
771,772,0,3,"Jensen, Mr. Niels Peder",male,48.0,0,0,350047,7.8542,,S,"Jensen,",3,"('Jensen,', 7.8542)",2,13
772,773,0,2,"Mack, Mrs. (Mary)",female,57.0,0,0,S.O./P.P. 3,10.5,E77,S,"Mack,",1,"('Mack,', 10.5)",1,24
773,774,0,3,"Elias, Mr. Dibo",male,,0,0,2674,7.225,,C,"Elias,",3,"('Elias,', 7.225)",1,12
774,775,1,2,"Hocking, Mrs. Elizabeth (Eliza Needs)",female,54.0,1,3,29105,23.0,,S,"Hocking,",2,"('Hocking,', 23.0)",1,4
775,776,0,3,"Myhrman, Mr. Pehr Fabian Oliver Malkolm",male,18.0,0,0,347078,7.75,,S,"Myhrman,",1,"('Myhrman,', 7.75)",1,34
776,777,0,3,"Tobin, Mr. Roger",male,,0,0,383121,7.75,F38,Q,"Tobin,",1,"('Tobin,', 7.75)",1,34
777,778,1,3,"Emanuel, Miss. Virginia Ethel",female,5.0,0,0,364516,12.475,,S,"Emanuel,",1,"('Emanuel,', 12.475)",1,4
778,779,0,3,"Kilgannon, Mr. Thomas J",male,,0,0,36865,7.7375,,Q,"Kilgannon,",1,"('Kilgannon,', 7.7375)",1,2
779,780,1,1,"Robert, Mrs. Edward Scott (Elisabeth Walton McMillan)",female,43.0,0,1,24160,211.3375,B3,S,"Robert,",1,"('Robert,', 211.3375)",1,3
780,781,1,3,"Ayoub, Miss. Banoura",female,13.0,0,0,2687,7.2292,,C,"Ayoub,",1,"('Ayoub,', 7.2292)",1,15
781,782,1,1,"Dick, Mrs. Albert Adrian (Vera Gillespie)",female,17.0,1,0,17474,57.0,B20,S,"Dick,",2,"('Dick,', 57.0)",2,2
782,783,0,1,"Long, Mr. Milton Clyde",male,29.0,0,0,113501,30.0,D6,S,"Long,",1,"('Long,', 30.0)",1,6
783,784,0,3,"Johnston, Mr. Andrew G",male,,1,2,W./C. 6607,23.45,,S,"Johnston,",2,"('Johnston,', 23.45)",2,2
784,785,0,3,"Ali, Mr. William",male,25.0,0,0,SOTON/O.Q. 3101312,7.05,,S,"Ali,",2,"('Ali,', 7.05)",2,7
785,786,0,3,"Harmer, Mr. Abraham (David Lishin)",male,25.0,0,0,374887,7.25,,S,"Harmer,",1,"('Harmer,', 7.25)",1,13
786,787,1,3,"Sjoblom, Miss. Anna Sofia",female,18.0,0,0,3101265,7.4958,,S,"Sjoblom,",1,"('Sjoblom,', 7.4958)",1,3
787,788,0,3,"Rice, Master. George Hugh",male,8.0,4,1,382652,29.125,,Q,"Rice,",5,"('Rice,', 29.125)",5,5
788,789,1,3,"Dean, Master. Bertram Vere",male,1.0,1,2,C.A. 2315,20.575,,S,"Dean,",2,"('Dean,', 20.575)",2,2
789,790,0,1,"Guggenheim, Mr. Benjamin",male,46.0,0,0,PC 17593,79.2,B82 B84,C,"Guggenheim,",1,"('Guggenheim,', 79.2)",1,4
790,791,0,3,"Keane, Mr. Andrew ""Andy""",male,,0,0,12460,7.75,,Q,"Keane,",2,"('Keane,', 7.75)",1,34
791,792,0,2,"Gaskell, Mr. Alfred",male,16.0,0,0,239865,26.0,,S,"Gaskell,",1,"('Gaskell,', 26.0)",1,31
792,793,0,3,"Sage, Miss. Stella Anna",female,,8,2,CA. 2343,69.55,,S,"Sage,",7,"('Sage,', 69.55)",7,7
793,794,0,1,"Hoyt, Mr. William Fisher",male,,0,0,PC 17600,30.6958,,C,"Hoyt,",3,"('Hoyt,', 30.6958)",1,2
794,795,0,3,"Dantcheff, Mr. Ristiu",male,25.0,0,0,349203,7.8958,,S,"Dantcheff,",1,"('Dantcheff,', 7.8958)",1,38
795,796,0,2,"Otter, Mr. Richard",male,39.0,0,0,28213,13.0,,S,"Otter,",1,"('Otter,', 13.0)",1,42
796,797,1,1,"Leader, Dr. Alice (Farnham)",female,49.0,0,0,17465,25.9292,D17,S,"Leader,",1,"('Leader,', 25.9292)",1,2
797,798,1,3,"Osman, Mrs. Mara",female,31.0,0,0,349244,8.6833,,S,"Osman,",1,"('Osman,', 8.6833)",1,1
798,799,0,3,"Ibrahim Shawah, Mr. Yousseff",male,30.0,0,0,2685,7.2292,,C,Ibrahim,1,"('Ibrahim', 7.2292)",1,15
799,800,0,3,"Van Impe, Mrs. Jean Baptiste (Rosalie Paula Govaert)",female,30.0,1,1,345773,24.15,,S,Van,4,"('Van', 24.15)",3,8
800,801,0,2,"Ponesell, Mr. Martin",male,34.0,0,0,250647,13.0,,S,"Ponesell,",1,"('Ponesell,', 13.0)",1,42
801,802,1,2,"Collyer, Mrs. Harvey (Charlotte Annie Tate)",female,31.0,1,1,C.A. 31921,26.25,,S,"Collyer,",3,"('Collyer,', 26.25)",3,6
802,803,1,1,"Carter, Master. William Thornton II",male,11.0,1,2,113760,120.0,B96 B98,S,"Carter,",6,"('Carter,', 120.0)",4,4
803,804,1,3,"Thomas, Master. Assad Alexander",male,0.42,0,1,2625,8.5167,,C,"Thomas,",1,"('Thomas,', 8.5167)",1,1
804,805,1,3,"Hedman, Mr. Oskar Arvid",male,27.0,0,0,347089,6.975,,S,"Hedman,",1,"('Hedman,', 6.975)",1,2
805,806,0,3,"Johansson, Mr. Karl Johan",male,31.0,0,0,347063,7.775,,S,"Johansson,",3,"('Johansson,', 7.775)",1,16
806,807,0,1,"Andrews, Mr. Thomas Jr",male,39.0,0,0,112050,0.0,A36,S,"Andrews,",2,"('Andrews,', 0.0)",1,15
807,808,0,3,"Pettersson, Miss. Ellen Natalia",female,18.0,0,0,347087,7.775,,S,"Pettersson,",1,"('Pettersson,', 7.775)",1,16
808,809,0,2,"Meyer, Mr. August",male,39.0,0,0,248723,13.0,,S,"Meyer,",3,"('Meyer,', 13.0)",1,42
809,810,1,1,"Chambers, Mrs. Norman Campbell (Bertha Griggs)",female,33.0,1,0,113806,53.1,E8,S,"Chambers,",2,"('Chambers,', 53.1)",2,5
810,811,0,3,"Alexander, Mr. William",male,26.0,0,0,3474,7.8875,,S,"Alexander,",1,"('Alexander,', 7.8875)",1,1
811,812,0,3,"Lester, Mr. James",male,39.0,0,0,A/4 48871,24.15,,S,"Lester,",1,"('Lester,', 24.15)",1,8
812,813,0,2,"Slemen, Mr. Richard James",male,35.0,0,0,28206,10.5,,S,"Slemen,",1,"('Slemen,', 10.5)",1,24
813,814,0,3,"Andersson, Miss. Ebba Iris Alfrida",female,6.0,4,2,347082,31.275,,S,"Andersson,",9,"('Andersson,', 31.275)",7,7
814,815,0,3,"Tomlin, Mr. Ernest Portage",male,30.5,0,0,364499,8.05,,S,"Tomlin,",1,"('Tomlin,', 8.05)",1,43
815,816,0,1,"Fry, Mr. Richard",male,,0,0,112058,0.0,B102,S,"Fry,",1,"('Fry,', 0.0)",1,15
816,817,0,3,"Heininen, Miss. Wendla Maria",female,23.0,0,0,STON/O2. 3101290,7.925,,S,"Heininen,",1,"('Heininen,', 7.925)",1,18
817,818,0,2,"Mallet, Mr. Albert",male,31.0,1,1,S.C./PARIS 2079,37.0042,,C,"Mallet,",2,"('Mallet,', 37.0042)",2,2
818,819,0,3,"Holm, Mr. John Fredrik Alexander",male,43.0,0,0,C 7075,6.45,,S,"Holm,",1,"('Holm,', 6.45)",1,1
819,820,0,3,"Skoog, Master. Karl Thorsten",male,10.0,3,2,347088,27.9,,S,"Skoog,",6,"('Skoog,', 27.9)",6,6
820,821,1,1,"Hays, Mrs. Charles Melville (Clara Jennings Gregg)",female,52.0,1,1,12749,93.5,B69,S,"Hays,",2,"('Hays,', 93.5)",1,2
821,822,1,3,"Lulic, Mr. Nikola",male,27.0,0,0,315098,8.6625,,S,"Lulic,",1,"('Lulic,', 8.6625)",1,13
822,823,0,1,"Reuchlin, Jonkheer. John George",male,38.0,0,0,19972,0.0,,S,"Reuchlin,",1,"('Reuchlin,', 0.0)",1,15
823,824,1,3,"Moor, Mrs. (Beila)",female,27.0,0,1,392096,12.475,E121,S,"Moor,",2,"('Moor,', 12.475)",2,4
824,825,0,3,"Panula, Master. Urho Abraham",male,2.0,4,1,3101295,39.6875,,S,"Panula,",6,"('Panula,', 39.6875)",6,6
825,826,0,3,"Flynn, Mr. John",male,,0,0,368323,6.95,,Q,"Flynn,",3,"('Flynn,', 6.95)",1,1
826,827,0,3,"Lam, Mr. Len",male,,0,0,1601,56.4958,,S,"Lam,",2,"('Lam,', 56.4958)",2,7
827,828,1,2,"Mallet, Master. Andre",male,1.0,0,2,S.C./PARIS 2079,37.0042,,C,"Mallet,",2,"('Mallet,', 37.0042)",2,2
828,829,1,3,"McCormack, Mr. Thomas Joseph",male,,0,0,367228,7.75,,Q,"McCormack,",1,"('McCormack,', 7.75)",1,34
829,830,1,1,"Stone, Mrs. George Nelson (Martha Evelyn)",female,62.0,0,0,113572,80.0,B28,,"Stone,",1,"('Stone,', 80.0)",1,2
830,831,1,3,"Yasbeck, Mrs. Antoni (Selini Alexander)",female,15.0,1,0,2659,14.4542,,C,"Yasbeck,",2,"('Yasbeck,', 14.4542)",2,7
831,832,1,2,"Richards, Master. George Sibley",male,0.83,1,1,29106,18.75,,S,"Richards,",3,"('Richards,', 18.75)",3,3
832,833,0,3,"Saad, Mr. Amin",male,,0,0,2671,7.2292,,C,"Saad,",2,"('Saad,', 7.2292)",1,15
833,834,0,3,"Augustsson, Mr. Albert",male,23.0,0,0,347468,7.8542,,S,"Augustsson,",1,"('Augustsson,', 7.8542)",1,13
834,835,0,3,"Allum, Mr. Owen George",male,18.0,0,0,2223,8.3,,S,"Allum,",1,"('Allum,', 8.3)",1,1
835,836,1,1,"Compton, Miss. Sara Rebecca",female,39.0,1,1,PC 17756,83.1583,E49,C,"Compton,",1,"('Compton,', 83.1583)",1,3
836,837,0,3,"Pasic, Mr. Jakob",male,21.0,0,0,315097,8.6625,,S,"Pasic,",1,"('Pasic,', 8.6625)",1,13
837,838,0,3,"Sirota, Mr. Maurice",male,,0,0,392092,8.05,,S,"Sirota,",1,"('Sirota,', 8.05)",1,43
838,839,1,3,"Chip, Mr. Chang",male,32.0,0,0,1601,56.4958,,S,"Chip,",1,"('Chip,', 56.4958)",1,7
839,840,1,1,"Marechal, Mr. Pierre",male,,0,0,11774,29.7,C47,C,"Marechal,",1,"('Marechal,', 29.7)",1,3
840,841,0,3,"Alhomaki, Mr. Ilmari Rudolf",male,20.0,0,0,SOTON/O2 3101287,7.925,,S,"Alhomaki,",1,"('Alhomaki,', 7.925)",1,18
841,842,0,2,"Mudd, Mr. Thomas Charles",male,16.0,0,0,S.O./P.P. 3,10.5,,S,"Mudd,",1,"('Mudd,', 10.5)",1,24
842,843,1,1,"Serepeca, Miss. Augusta",female,30.0,0,0,113798,31.0,,C,"Serepeca,",1,"('Serepeca,', 31.0)",1,3
843,844,0,3,"Lemberopolous, Mr. Peter L",male,34.5,0,0,2683,6.4375,,C,"Lemberopolous,",1,"('Lemberopolous,', 6.4375)",1,1
844,845,0,3,"Culumovic, Mr. Jeso",male,17.0,0,0,315090,8.6625,,S,"Culumovic,",1,"('Culumovic,', 8.6625)",1,13
845,846,0,3,"Abbing, Mr. Anthony",male,42.0,0,0,C.A. 5547,7.55,,S,"Abbing,",1,"('Abbing,', 7.55)",1,4
846,847,0,3,"Sage, Mr. Douglas Bullen",male,,8,2,CA. 2343,69.55,,S,"Sage,",7,"('Sage,', 69.55)",7,7
847,848,0,3,"Markoff, Mr. Marin",male,35.0,0,0,349213,7.8958,,C,"Markoff,",1,"('Markoff,', 7.8958)",1,38
848,849,0,2,"Harper, Rev. John",male,28.0,0,1,248727,33.0,,S,"Harper,",4,"('Harper,', 33.0)",2,3
849,850,1,1,"Goldenberg, Mrs. Samuel L (Edwiga Grabowska)",female,,1,0,17453,89.1042,C92,C,"Goldenberg,",2,"('Goldenberg,', 89.1042)",2,2
850,851,0,3,"Andersson, Master. Sigvard Harald Elias",male,4.0,4,2,347082,31.275,,S,"Andersson,",9,"('Andersson,', 31.275)",7,7
851,852,0,3,"Svensson, Mr. Johan",male,74.0,0,0,347060,7.775,,S,"Svensson,",2,"('Svensson,', 7.775)",1,16
852,853,0,3,"Boulos, Miss. Nourelain",female,9.0,1,1,2678,15.2458,,C,"Boulos,",3,"('Boulos,', 15.2458)",2,5
853,854,1,1,"Lines, Miss. Mary Conover",female,16.0,0,1,PC 17592,39.4,D28,S,"Lines,",1,"('Lines,', 39.4)",1,1
854,855,0,2,"Carter, Mrs. Ernest Courtenay (Lilian Hughes)",female,44.0,1,0,244252,26.0,,S,"Carter,",6,"('Carter,', 26.0)",2,31
855,856,1,3,"Aks, Mrs. Sam (Leah Rosen)",female,18.0,0,1,392091,9.35,,S,"Aks,",1,"('Aks,', 9.35)",1,2
856,857,1,1,"Wick, Mrs. George Dennick (Mary Hitchcock)",female,45.0,1,1,36928,164.8667,,S,"Wick,",2,"('Wick,', 164.8667)",2,2
857,858,1,1,"Daly, Mr. Peter Denis ",male,51.0,0,0,113055,26.55,E17,S,"Daly,",2,"('Daly,', 26.55)",1,15
858,859,1,3,"Baclini, Mrs. Solomon (Latifa Qurban)",female,24.0,0,3,2666,19.2583,,C,"Baclini,",4,"('Baclini,', 19.2583)",4,4
859,860,0,3,"Razi, Mr. Raihed",male,,0,0,2629,7.2292,,C,"Razi,",1,"('Razi,', 7.2292)",1,15
860,861,0,3,"Hansen, Mr. Claus Peter",male,41.0,2,0,350026,14.1083,,S,"Hansen,",3,"('Hansen,', 14.1083)",1,1
861,862,0,2,"Giles, Mr. Frederick Edward",male,21.0,1,0,28134,11.5,,S,"Giles,",1,"('Giles,', 11.5)",1,4
862,863,1,1,"Swift, Mrs. Frederick Joel (Margaret Welles Barron)",female,48.0,0,0,17466,25.9292,D17,S,"Swift,",1,"('Swift,', 25.9292)",1,2
863,864,0,3,"Sage, Miss. Dorothy Edith ""Dolly""",female,,8,2,CA. 2343,69.55,,S,"Sage,",7,"('Sage,', 69.55)",7,7
864,865,0,2,"Gill, Mr. John William",male,24.0,0,0,233866,13.0,,S,"Gill,",1,"('Gill,', 13.0)",1,42
865,866,1,2,"Bystrom, Mrs. (Karolina)",female,42.0,0,0,236852,13.0,,S,"Bystrom,",1,"('Bystrom,', 13.0)",1,42
866,867,1,2,"Duran y More, Miss. Asuncion",female,27.0,1,0,SC/PARIS 2149,13.8583,,C,Duran,1,"('Duran', 13.8583)",1,1
867,868,0,1,"Roebling, Mr. Washington Augustus II",male,31.0,0,0,PC 17590,50.4958,A24,S,"Roebling,",1,"('Roebling,', 50.4958)",1,1
868,869,0,3,"van Melkebeke, Mr. Philemon",male,,0,0,345777,9.5,,S,van,2,"('van', 9.5)",1,9
869,870,1,3,"Johnson, Master. Harold Theodor",male,4.0,1,1,347742,11.1333,,S,"Johnson,",6,"('Johnson,', 11.1333)",3,3
870,871,0,3,"Balkic, Mr. Cerin",male,26.0,0,0,349248,7.8958,,S,"Balkic,",1,"('Balkic,', 7.8958)",1,38
871,872,1,1,"Beckwith, Mrs. Richard Leonard (Sallie Monypeny)",female,47.0,1,1,11751,52.5542,D35,S,"Beckwith,",2,"('Beckwith,', 52.5542)",2,3
872,873,0,1,"Carlsson, Mr. Frans Olof",male,33.0,0,0,695,5.0,B51 B53 B55,S,"Carlsson,",2,"('Carlsson,', 5.0)",1,1
873,874,0,3,"Vander Cruyssen, Mr. Victor",male,47.0,0,0,345765,9.0,,S,Vander,4,"('Vander', 9.0)",1,2
874,875,1,2,"Abelson, Mrs. Samuel (Hannah Wizosky)",female,28.0,1,0,P/PP 3381,24.0,,C,"Abelson,",2,"('Abelson,', 24.0)",2,2
875,876,1,3,"Najib, Miss. Adele Kiamie ""Jane""",female,15.0,0,0,2667,7.225,,C,"Najib,",1,"('Najib,', 7.225)",1,12
876,877,0,3,"Gustafsson, Mr. Alfred Ossian",male,20.0,0,0,7534,9.8458,,S,"Gustafsson,",4,"('Gustafsson,', 9.8458)",1,1
877,878,0,3,"Petroff, Mr. Nedelio",male,19.0,0,0,349212,7.8958,,S,"Petroff,",2,"('Petroff,', 7.8958)",2,38
878,879,0,3,"Laleff, Mr. Kristo",male,,0,0,349217,7.8958,,S,"Laleff,",1,"('Laleff,', 7.8958)",1,38
879,880,1,1,"Potter, Mrs. Thomas Jr (Lily Alexenia Wilson)",female,56.0,0,1,11767,83.1583,C50,C,"Potter,",1,"('Potter,', 83.1583)",1,3
880,881,1,2,"Shelley, Mrs. William (Imanita Parrish Hall)",female,25.0,0,1,230433,26.0,,S,"Shelley,",1,"('Shelley,', 26.0)",1,31
881,882,0,3,"Markun, Mr. Johann",male,33.0,0,0,349257,7.8958,,S,"Markun,",1,"('Markun,', 7.8958)",1,38
882,883,0,3,"Dahlberg, Miss. Gerda Ulrika",female,22.0,0,0,7552,10.5167,,S,"Dahlberg,",1,"('Dahlberg,', 10.5167)",1,1
883,884,0,2,"Banfield, Mr. Frederick James",male,28.0,0,0,C.A./SOTON 34068,10.5,,S,"Banfield,",1,"('Banfield,', 10.5)",1,24
884,885,0,3,"Sutehall, Mr. Henry Jr",male,25.0,0,0,SOTON/OQ 392076,7.05,,S,"Sutehall,",1,"('Sutehall,', 7.05)",1,7
885,886,0,3,"Rice, Mrs. William (Margaret Norton)",female,39.0,0,5,382652,29.125,,Q,"Rice,",5,"('Rice,', 29.125)",5,5
886,887,0,2,"Montvila, Rev. Juozas",male,27.0,0,0,211536,13.0,,S,"Montvila,",1,"('Montvila,', 13.0)",1,42
887,888,1,1,"Graham, Miss. Margaret Edith",female,19.0,0,0,112053,30.0,B42,S,"Graham,",3,"('Graham,', 30.0)",1,6
888,889,0,3,"Johnston, Miss. Catherine Helen ""Carrie""",female,,1,2,W./C. 6607,23.45,,S,"Johnston,",2,"('Johnston,', 23.45)",2,2
889,890,1,1,"Behr, Mr. Karl Howell",male,26.0,0,0,111369,30.0,C148,C,"Behr,",1,"('Behr,', 30.0)",1,6
890,891,0,3,"Dooley, Mr. Patrick",male,32.0,0,0,370376,7.75,,Q,"Dooley,",1,"('Dooley,', 7.75)",1,34
